"","block","plot","species","functional_div","species_richness","genus","group","PLOTID","X","Y","MONO","rel.abund.gym","UniqueID","biomass","volume","Wd","Seed.mass","LMA","Nmass","Amass","Llo"
"s136","A","12N","ABBA",5,12,"Abies","Gymno","A12N",3,6,"notmono",0.5833333,"A12NABBA",25388.081675,76933.5808333333,0.33,7.6,143,1.45,50,84
"s183","A","12N","ACRU",5,12,"Acer","Angio","A12N",3,6,"notmono",0.5833333,"A12NACRU",84937.0783706668,173340.976266667,0.49,23.7,71.09370696,1.913837571,111.1536882,5.566666667
"s101","A","12N","ACSA",5,12,"Acer","Angio","A12N",3,6,"notmono",0.5833333,"A12NACSA",162071.786986666,289413.905333333,0.56,55.2,70.62731781,1.831675,84.5819209,5.5
"s67","A","12N","BEAL",5,12,"Betula","Angio","A12N",3,6,"notmono",0.5833333,"A12NBEAL",151029.453153333,274599.005733333,0.55,1,46.08294931,2.2,206,5.5
"s70","A","12N","BEPA",5,12,"Betula","Angio","A12N",3,6,"notmono",0.5833333,"A12NBEPA",3917467.57808,8161390.78766667,0.48,0.3,85.50806324,2.208401667,195,5.5
"s181","A","12N","LALA",5,12,"Larix","Gymno","A12N",3,6,"notmono",0.5833333,"A12NLALA",939965.231753332,1918296.39133333,0.49,2,120.0000005,1.355,59.41951,6
"s165","A","12N","PIGL",5,12,"Picea","Gymno","A12N",3,6,"notmono",0.5833333,"A12NPIGL",47400.3913129999,143637.549433333,0.33,2.4,302.86,1.28,35.58,50
"s139","A","12N","PIRE",5,12,"Pinus","Gymno","A12N",3,6,"notmono",0.5833333,"A12NPIRE",27318.054,66629.4,0.41,9,294.12,1.17,24,36
"s182","A","12N","PIRU",5,12,"Picea","Gymno","A12N",3,6,"notmono",0.5833333,"A12NPIRU",8612.44627833332,23276.8818333333,0.37,3.3,263,1.2,32,55
"s124","A","12N","PIST",5,12,"Pinus","Gymno","A12N",3,6,"notmono",0.5833333,"A12NPIST",46893.436344,137921.8716,0.34,17,121.9153937,1.423333333,43.79823667,20
"s131","A","12N","QURU",5,12,"Quercus","Angio","A12N",3,6,"notmono",0.5833333,"A12NQURU",706574.983146665,1261741.04133333,0.56,3143,88.02929621,2.030464833,148.5518182,6.000673539
"s81","A","2N1","PIRE",1,2,"Pinus","Gymno","A2N1",5,7,"notmono",1,"A2N1PIRE",239916.881443611,585163.125472222,0.41,9,294.12,1.17,24,36
"s115","A","2N1","PIRU",1,2,"Picea","Gymno","A2N1",5,7,"notmono",1,"A2N1PIRU",69657.5688376111,188263.699561111,0.37,3.3,263,1.2,32,55
"s55","A","2N2","LALA",2,2,"Larix","Gymno","A2N2",2,8,"notmono",1,"A2N2LALA",901146.659132224,1839074.81455556,0.49,2,120.0000005,1.355,59.41951,6
"s52","A","2N2","PIST",2,2,"Pinus","Gymno","A2N2",2,8,"notmono",1,"A2N2PIST",45174.0813623332,132864.945183333,0.34,17,121.9153937,1.423333333,43.79823667,20
"s199","A","2N3","BEAL",3,2,"Betula","Angio","A2N3",5,3,"notmono",0,"A2N3BEAL",414122.439460278,752949.889927778,0.55,1,46.08294931,2.2,206,5.5
"s301","A","2N3","QURU",3,2,"Quercus","Angio","A2N3",5,3,"notmono",0,"A2N3QURU",565167.329172443,1009227.37352222,0.56,3143,88.02929621,2.030464833,148.5518182,6.000673539
"s197","A","2N4","BEPA",4,2,"Betula","Angio","A2N4",5,4,"notmono",0,"A2N4BEPA",1061655.16703733,2211781.59799444,0.48,0.3,85.50806324,2.208401667,195,5.5
"s198","A","2N4","QURU",4,2,"Quercus","Angio","A2N4",5,4,"notmono",0,"A2N4QURU",138124.231497778,246650.413388889,0.56,3143,88.02929621,2.030464833,148.5518182,6.000673539
"s157","A","2N5","PIGL",5,2,"Picea","Gymno","A2N5",3,5,"notmono",1,"A2N5PIGL",117843.2873365,357100.870716667,0.33,2.4,302.86,1.28,35.58,50
"s127","A","2N5","PIST",5,2,"Pinus","Gymno","A2N5",3,5,"notmono",1,"A2N5PIST",228786.429212222,672901.262388889,0.34,17,121.9153937,1.423333333,43.79823667,20
"s57","A","2N6","ABBA",6,2,"Abies","Gymno","A2N6",4,7,"notmono",0.5,"A2N6ABBA",27624.366682,83710.2020666667,0.33,7.6,143,1.45,50,84
"s83","A","2N6","ACRU",6,2,"Acer","Angio","A2N6",4,7,"notmono",0.5,"A2N6ACRU",619484.575190832,1264254.23508333,0.49,23.7,71.09370696,1.913837571,111.1536882,5.566666667
"s300","A","2N7","ACSA",7,2,"Acer","Angio","A2N7",1,2,"notmono",0.5,"A2N7ACSA",262570.848573895,468876.515310526,0.56,55.2,70.62731781,1.831675,84.5819209,5.5
"s294","A","2N7","LALA",7,2,"Larix","Gymno","A2N7",1,2,"notmono",0.5,"A2N7LALA",397496.453572235,811217.252188235,0.49,2,120.0000005,1.355,59.41951,6
"s271","A","2N8","ACSA",8,2,"Acer","Angio","A2N8",1,5,"notmono",0.5,"A2N8ACSA",192805.003048,344294.6483,0.56,55.2,70.62731781,1.831675,84.5819209,5.5
"s192","A","2N8","THOC",8,2,"Thuya","Gymno","A2N8",1,5,"notmono",0.5,"A2N8THOC",126228.4482,420761.494,0.3,1.5,223.0000016,1.02,32.22441,33
"s195","A","2NR2A","ACRU",2,2,"Acer","Angio","A2NR2A",2,4,"notmono",0,"A2NR2AACRU",301891.387103056,616104.871638889,0.49,23.7,71.09370696,1.913837571,111.1536882,5.566666667
"s193","A","2NR2A","BEAL",2,2,"Betula","Angio","A2NR2A",2,4,"notmono",0,"A2NR2ABEAL",426610.432798611,775655.332361111,0.55,1,46.08294931,2.2,206,5.5
"s173","A","2NR2B","PIRE",2,2,"Pinus","Gymno","A2NR2B",2,5,"notmono",1,"A2NR2BPIRE",181400.463094444,442440.153888889,0.41,9,294.12,1.17,24,36
"s123","A","2NR2B","PIST",2,2,"Pinus","Gymno","A2NR2B",2,5,"notmono",1,"A2NR2BPIST",240158.646248889,706348.959555556,0.34,17,121.9153937,1.423333333,43.79823667,20
"s309","A","2NR4","LALA",4,2,"Larix","Gymno","A2NR4",4,4,"notmono",1,"A2NR4LALA",844356.239686944,1723175.99936111,0.49,2,120.0000005,1.355,59.41951,6
"s270","A","2NR4","PIGL",4,2,"Picea","Gymno","A2NR4",4,4,"notmono",1,"A2NR4PIGL",45081.7610301666,136611.397061111,0.33,2.4,302.86,1.28,35.58,50
"s200","A","2NR5","BEPA",5,2,"Betula","Angio","A2NR5",6,4,"notmono",0.5,"A2NR5BEPA",851466.465573331,1773888.46994444,0.48,0.3,85.50806324,2.208401667,195,5.5
"s298","A","2NR5","PIST",5,2,"Pinus","Gymno","A2NR5",6,4,"notmono",0.5,"A2NR5PIST",33107.609786,97375.3229,0.34,17,121.9153937,1.423333333,43.79823667,20
"s35","A","2NR7A","ABBA",7,2,"Abies","Gymno","A2NR7A",6,8,"notmono",0.5,"A2NR7AABBA",52223.8722738335,158254.158405556,0.33,7.6,143,1.45,50,84
"s59","A","2NR7A","ACSA",7,2,"Acer","Angio","A2NR7A",6,8,"notmono",0.5,"A2NR7AACSA",452789.097693334,808551.960166667,0.56,55.2,70.62731781,1.831675,84.5819209,5.5
"s191","A","2NR7B","ACRU",7,2,"Acer","Angio","A2NR7B",6,1,"notmono",0.5,"A2NR7BACRU",348111.952407333,710432.555933333,0.49,23.7,71.09370696,1.913837571,111.1536882,5.566666667
"s189","A","2NR7B","THOC",7,2,"Thuya","Gymno","A2NR7B",6,1,"notmono",0.5,"A2NR7BTHOC",108953.662116667,363178.873722222,0.3,1.5,223.0000016,1.02,32.22441,33
"s284","A","4N1","ABBA",1,4,"Abies","Gymno","A4N1",6,3,"notmono",1,"A4N1ABBA",129886.709689,393596.089966667,0.33,7.6,143,1.45,50,84
"s296","A","4N1","PIGL",1,4,"Picea","Gymno","A4N1",6,3,"notmono",1,"A4N1PIGL",94086.2890733334,285109.966888889,0.33,2.4,302.86,1.28,35.58,50
"s308","A","4N1","PIRE",1,4,"Pinus","Gymno","A4N1",6,3,"notmono",1,"A4N1PIRE",157466.945710222,384065.721244444,0.41,9,294.12,1.17,24,36
"s295","A","4N1","PIRU",1,4,"Picea","Gymno","A4N1",6,3,"notmono",1,"A4N1PIRU",62029.6750233332,167647.770333333,0.37,3.3,263,1.2,32,55
"s292","A","4N2","ACRU",2,4,"Acer","Angio","A4N2",1,3,"notmono",0,"A4N2ACRU",47346.6642786667,96625.8454666667,0.49,23.7,71.09370696,1.913837571,111.1536882,5.566666667
"s265","A","4N2","BEAL",2,4,"Betula","Angio","A4N2",1,3,"notmono",0,"A4N2BEAL",48048.4268611111,87360.7761111111,0.55,1,46.08294931,2.2,206,5.5
"s266","A","4N2","BEPA",2,4,"Betula","Angio","A4N2",1,3,"notmono",0,"A4N2BEPA",1759607.95566933,3665849.90764444,0.48,0.3,85.50806324,2.208401667,195,5.5
"s280","A","4N2","QURU",2,4,"Quercus","Angio","A4N2",1,3,"notmono",0,"A4N2QURU",273661.998536889,488682.140244444,0.56,3143,88.02929621,2.030464833,148.5518182,6.000673539
"s48","A","4N3","BEAL",3,4,"Betula","Angio","A4N3",1,9,"notmono",0.75,"A4N3BEAL",928078.519408332,1687415.48983333,0.55,1,46.08294931,2.2,206,5.5
"s113","A","4N3","PIRE",3,4,"Pinus","Gymno","A4N3",1,9,"notmono",0.75,"A4N3PIRE",196352.506256222,478908.551844444,0.41,9,294.12,1.17,24,36
"s160","A","4N3","PIRU",3,4,"Picea","Gymno","A4N3",1,9,"notmono",0.75,"A4N3PIRU",49833.7990086668,134685.943266667,0.37,3.3,263,1.2,32,55
"s11","A","4N3","PIST",3,4,"Pinus","Gymno","A4N3",1,9,"notmono",0.75,"A4N3PIST",98799.1373237777,290585.698011111,0.34,17,121.9153937,1.423333333,43.79823667,20
"s274","A","4N4","ABBA",4,4,"Abies","Gymno","A4N4",4,3,"notmono",0.75,"A4N4ABBA",23396.555974,70898.6544666667,0.33,7.6,143,1.45,50,84
"s194","A","4N4","BEPA",4,4,"Betula","Angio","A4N4",4,3,"notmono",0.75,"A4N4BEPA",1979345.798336,4123637.07986667,0.48,0.3,85.50806324,2.208401667,195,5.5
"s263","A","4N4","LALA",4,4,"Larix","Gymno","A4N4",4,3,"notmono",0.75,"A4N4LALA",177455.454365,362153.9885,0.49,2,120.0000005,1.355,59.41951,6
"s281","A","4N4","PIGL",4,4,"Picea","Gymno","A4N4",4,3,"notmono",0.75,"A4N4PIGL",23639.2604396667,71634.1225444444,0.33,2.4,302.86,1.28,35.58,50
"s118","A","4N5","ABBA",5,4,"Abies","Gymno","A4N5",4,5,"notmono",0.75,"A4N5ABBA",56541.4710666666,171337.791111111,0.33,7.6,143,1.45,50,84
"s105","A","4N5","ACSA",5,4,"Acer","Angio","A4N5",4,5,"notmono",0.75,"A4N5ACSA",330990.378133334,591054.246666667,0.56,55.2,70.62731781,1.831675,84.5819209,5.5
"s128","A","4N5","PIRU",5,4,"Picea","Gymno","A4N5",4,5,"notmono",0.75,"A4N5PIRU",71037.3974611111,191992.966111111,0.37,3.3,263,1.2,32,55
"s269","A","4N6","LALA",6,4,"Larix","Gymno","A4N6",3,3,"notmono",0.75,"A4N6LALA",908101.049356668,1853267.44766667,0.49,2,120.0000005,1.355,59.41951,6
"s276","A","4N6","PIST",6,4,"Pinus","Gymno","A4N6",3,3,"notmono",0.75,"A4N6PIST",38317.7090695555,112699.144322222,0.34,17,121.9153937,1.423333333,43.79823667,20
"s282","A","4N6","QURU",6,4,"Quercus","Angio","A4N6",3,3,"notmono",0.75,"A4N6QURU",948015.326035557,1692884.51077778,0.56,3143,88.02929621,2.030464833,148.5518182,6.000673539
"s278","A","4N6","THOC",6,4,"Thuya","Gymno","A4N6",3,3,"notmono",0.75,"A4N6THOC",55128.1622166666,183760.540722222,0.3,1.5,223.0000016,1.02,32.22441,33
"s310","A","4N7","ACRU",7,4,"Acer","Angio","A4N7",4,1,"notmono",0.5,"A4N7ACRU",407575.083432222,831785.884555556,0.49,23.7,71.09370696,1.913837571,111.1536882,5.566666667
"s268","A","4N7","PIST",7,4,"Pinus","Gymno","A4N7",4,1,"notmono",0.5,"A4N7PIST",70179.141278889,206409.239055556,0.34,17,121.9153937,1.423333333,43.79823667,20
"s303","A","4N7","QURU",7,4,"Quercus","Angio","A4N7",4,1,"notmono",0.5,"A4N7QURU",908349.8032,1622053.22,0.56,3143,88.02929621,2.030464833,148.5518182,6.000673539
"s267","A","4N7","THOC",7,4,"Thuya","Gymno","A4N7",4,1,"notmono",0.5,"A4N7THOC",54969.1269266667,183230.423088889,0.3,1.5,223.0000016,1.02,32.22441,33
"s49","A","4N8","ACSA",8,4,"Acer","Angio","A4N8",3,8,"notmono",0.5,"A4N8ACSA",303151.177653334,541341.388666667,0.56,55.2,70.62731781,1.831675,84.5819209,5.5
"s87","A","4N8","BEAL",8,4,"Betula","Angio","A4N8",3,8,"notmono",0.5,"A4N8BEAL",779224.127061111,1416771.14011111,0.55,1,46.08294931,2.2,206,5.5
"s186","A","4N8","PIGL",8,4,"Picea","Gymno","A4N8",3,8,"notmono",0.5,"A4N8PIGL",47731.2910873333,144640.276022222,0.33,2.4,302.86,1.28,35.58,50
"s41","A","4N8","THOC",8,4,"Thuya","Gymno","A4N8",3,8,"notmono",0.5,"A4N8THOC",45676.1427699999,152253.809233333,0.3,1.5,223.0000016,1.02,32.22441,33
"s293","A","4NR2","PIGL",2,4,"Picea","Gymno","A4NR2",3,2,"notmono",1,"A4NR2PIGL",119104.823163333,360923.706555556,0.33,2.4,302.86,1.28,35.58,50
"s306","A","4NR2","PIRE",2,4,"Pinus","Gymno","A4NR2",3,2,"notmono",1,"A4NR2PIRE",214014.176196,521985.7956,0.41,9,294.12,1.17,24,36
"s307","A","4NR2","PIRU",2,4,"Picea","Gymno","A4NR2",3,2,"notmono",1,"A4NR2PIRU",97493.8652182221,263496.933022222,0.37,3.3,263,1.2,32,55
"s285","A","4NR2","PIST",2,4,"Pinus","Gymno","A4NR2",3,2,"notmono",1,"A4NR2PIST",176212.663222222,518272.538888889,0.34,17,121.9153937,1.423333333,43.79823667,20
"s96","A","4NR7","ACSA",7,4,"Acer","Angio","A4NR7",2,6,"notmono",0.5,"A4NR7ACSA",321507.199595556,574119.999277778,0.56,55.2,70.62731781,1.831675,84.5819209,5.5
"s95","A","4NR7","BEPA",7,4,"Betula","Angio","A4NR7",2,6,"notmono",0.5,"A4NR7BEPA",1375628.13693333,2865891.95194444,0.48,0.3,85.50806324,2.208401667,195,5.5
"s114","A","4NR7","PIGL",7,4,"Picea","Gymno","A4NR7",2,6,"notmono",0.5,"A4NR7PIGL",28992.6404496667,87856.4862111111,0.33,2.4,302.86,1.28,35.58,50
"s94","A","4NR7","PIST",7,4,"Pinus","Gymno","A4NR7",2,6,"notmono",0.5,"A4NR7PIST",33072.019334,97270.6451,0.34,17,121.9153937,1.423333333,43.79823667,20
"s272","A","ABBA","ABBA",0,1,"Abies","Gymno","AABBA",5,1,"mono",1,"AABBAABBA",164915.745730083,499744.684030556,0.33,7.6,143,1.45,50,84
"s106","A","ACPL","ACPL",0,1,"Acer","Angio","AACPL",5,6,"mono",0,"AACPLACPL",484907.528483853,938833.549823529,0.5165,130.3,46.44681839,1.62,83.07,6.000673539
"s56","A","ACRU","ACRU",0,1,"Acer","Angio","AACRU",6,6,"mono",0,"AACRUACRU",292189.763481583,596305.639758333,0.49,23.7,71.09370696,1.913837571,111.1536882,5.566666667
"s286","A","ACSA","ACSA",0,1,"Acer","Angio","AACSA",6,2,"mono",0,"AACSAACSA",255941.283568444,457038.006372222,0.56,55.2,70.62731781,1.831675,84.5819209,5.5
"s76","A","BEAL","BEAL",0,1,"Betula","Angio","ABEAL",2,7,"mono",0,"ABEALBEAL",404033.110007083,734605.654558333,0.55,1,46.08294931,2.2,206,5.5
"s196","A","BEPA","BEPA",0,1,"Betula","Angio","ABEPA",2,2,"mono",0,"ABEPABEPA",467928.804969333,974851.677019444,0.48,0.3,85.50806324,2.208401667,195,5.5
"s146","A","LADE","LADE",0,1,"Larix","Gymno","ALADE",6,9,"mono",1,"ALADELADE",542168.015724604,1144901.31079,0.47355,7.1,86.28640264,1.955,71.616275,6.000336769
"s175","A","LALA","LALA",0,1,"Larix","Gymno","ALALA",4,8,"mono",1,"ALALALALA",568886.357876276,1160992.56709444,0.49,2,120.0000005,1.355,59.41951,6
"s74","A","M1","ACPL",1,4,"Acer","Angio","AM1",4,9,"notmono",0,"AM1ACPL",153817.054222019,297806.4941375,0.5165,130.3,46.44681839,1.62,83.07,6.000673539
"s77","A","M1","ACRU",1,4,"Acer","Angio","AM1",4,9,"notmono",0,"AM1ACRU",413693.33922875,844272.120875,0.49,23.7,71.09370696,1.913837571,111.1536882,5.566666667
"s92","A","M1","BEAL",1,4,"Betula","Angio","AM1",4,9,"notmono",0,"AM1BEAL",962473.571766668,1749951.94866667,0.55,1,46.08294931,2.2,206,5.5
"s38","A","M1","TICO",1,4,"Tilia","Angio","AM1",4,9,"notmono",0,"AM1TICO",1140287.23946417,2702806.98633333,0.42189,50.9,49.1117001,2.125,83.85,4.799544249
"s164","A","M2","LALA",2,4,"Larix","Gymno","AM2",6,5,"notmono",1,"AM2LALA",1644350.85958111,3355818.08077778,0.49,2,120.0000005,1.355,59.41951,6
"s161","A","M2","PIAB",2,4,"Picea","Gymno","AM2",6,5,"notmono",1,"AM2PIAB",59730.8690727779,161434.781277778,0.37,7,235.18,1.19,29.31,103.2
"s126","A","M2","PIRU",2,4,"Picea","Gymno","AM2",6,5,"notmono",1,"AM2PIRU",23684.4654888889,64012.0688888889,0.37,3.3,263,1.2,32,55
"s184","A","M2","PISY",2,4,"Pinus","Gymno","AM2",6,5,"notmono",1,"AM2PISY",134882.096687067,319625.821533333,0.422,6,292.7551279,1.217940293,36.85035,27.90024909
"s151","A","M3","LADE",3,4,"Larix","Gymno","AM3",6,7,"notmono",0.75,"AM3LADE",242387.381129933,511851.71815,0.47355,7.1,86.28640264,1.955,71.616275,6.000336769
"s44","A","M3","PIRE",3,4,"Pinus","Gymno","AM3",6,7,"notmono",0.75,"AM3PIRE",26107.89997825,63677.804825,0.41,9,294.12,1.17,24,36
"s61","A","M3","PISY",3,4,"Pinus","Gymno","AM3",6,7,"notmono",0.75,"AM3PISY",40723.0113611778,96500.0269222222,0.422,6,292.7551279,1.217940293,36.85035,27.90024909
"s62","A","M3","QURU",3,4,"Quercus","Angio","AM3",6,7,"notmono",0.75,"AM3QURU",1334945.784368,2383831.7578,0.56,3143,88.02929621,2.030464833,148.5518182,6.000673539
"s166","A","M4","PIAB",4,4,"Picea","Gymno","AM4",1,7,"notmono",1,"AM4PIAB",224079.986100556,605621.584055556,0.37,7,235.18,1.19,29.31,103.2
"s156","A","M4","PIGL",4,4,"Picea","Gymno","AM4",1,7,"notmono",1,"AM4PIGL",99843.9428800001,302557.402666667,0.33,2.4,302.86,1.28,35.58,50
"s86","A","M4","PISY",4,4,"Pinus","Gymno","AM4",1,7,"notmono",1,"AM4PISY",343067.213544667,812955.482333333,0.422,6,292.7551279,1.217940293,36.85035,27.90024909
"s50","A","M4","THOC",4,4,"Thuya","Gymno","AM4",1,7,"notmono",1,"AM4THOC",266776.8844,889256.281333333,0.3,1.5,223.0000016,1.02,32.22441,33
"s174","A","M5","PIGL",5,4,"Picea","Gymno","AM5",2,9,"notmono",0.5,"AM5PIGL",41218.3710876666,124904.154811111,0.33,2.4,302.86,1.28,35.58,50
"s45","A","M5","PIST",5,4,"Pinus","Gymno","AM5",2,9,"notmono",0.5,"AM5PIST",59892.7200713332,176155.059033333,0.34,17,121.9153937,1.423333333,43.79823667,20
"s85","A","M5","QURO",5,4,"Quercus","Angio","AM5",2,9,"notmono",0.5,"AM5QURO",896199.355893335,1600355.99266667,0.56,3378,64.85453931,1.86,85.1,6.000673539
"s58","A","M5","TICO",5,4,"Tilia","Angio","AM5",2,9,"notmono",0.5,"AM5TICO",620996.392926753,1471939.1142875,0.42189,50.9,49.1117001,2.125,83.85,4.799544249
"s43","A","M6","BEPA",6,4,"Betula","Angio","AM6",5,8,"notmono",0.5,"AM6BEPA",1731540.84973333,3607376.77027778,0.48,0.3,85.50806324,2.208401667,195,5.5
"s169","A","M6","PIRU",6,4,"Picea","Gymno","AM6",5,8,"notmono",0.5,"AM6PIRU",23043.1813203333,62278.8684333333,0.37,3.3,263,1.2,32,55
"s42","A","M6","PISY",6,4,"Pinus","Gymno","AM6",5,8,"notmono",0.5,"AM6PISY",45368.6022998446,107508.536255556,0.422,6,292.7551279,1.217940293,36.85035,27.90024909
"s82","A","M6","QURO",6,4,"Quercus","Angio","AM6",5,8,"notmono",0.5,"AM6QURO",281828.814256889,503265.739744444,0.56,3378,64.85453931,1.86,85.1,6.000673539
"s39","A","M7","ACPL",7,4,"Acer","Angio","AM7",1,8,"notmono",0.25,"AM7ACPL",203332.007742333,393672.812666667,0.5165,130.3,46.44681839,1.62,83.07,6.000673539
"s46","A","M7","ACSA",7,4,"Acer","Angio","AM7",1,8,"notmono",0.25,"AM7ACSA",197897.791535111,353388.913455556,0.56,55.2,70.62731781,1.831675,84.5819209,5.5
"s80","A","M7","BEPA",7,4,"Betula","Angio","AM7",1,8,"notmono",0.25,"AM7BEPA",1982949.72825067,4131145.26718889,0.48,0.3,85.50806324,2.208401667,195,5.5
"s154","A","M7","PIOM",7,4,"Picea","Gymno","AM7",1,8,"notmono",0.25,"AM7PIOM",1729.74964114286,4804.86011428571,0.36,2.9,285.7299176,1.182903124,29.39155,61.88640351
"s24","A","M8","ACPL",8,4,"Acer","Angio","AM8",3,7,"notmono",0.5,"AM8ACPL",288867.365522625,559278.53925,0.5165,130.3,46.44681839,1.62,83.07,6.000673539
"s54","A","M8","BEPA",8,4,"Betula","Angio","AM8",3,7,"notmono",0.5,"AM8BEPA",1839556.22136533,3832408.79451111,0.48,0.3,85.50806324,2.208401667,195,5.5
"s152","A","M8","PIAB",8,4,"Picea","Gymno","AM8",3,7,"notmono",0.5,"AM8PIAB",35362.7492805556,95574.9980555556,0.37,7,235.18,1.19,29.31,103.2
"s53","A","M8","THOC",8,4,"Thuya","Gymno","AM8",3,7,"notmono",0.5,"AM8THOC",54743.15067,182477.1689,0.3,1.5,223.0000016,1.02,32.22441,33
"s89","A","MM6A","ABBA",6,12,"Abies","Gymno","AMM6A",3,9,"notmono",0.5,"AMM6AABBA",21592.642302,65432.2494,0.33,7.6,143,1.45,50,84
"s75","A","MM6A","ACPL",6,12,"Acer","Angio","AMM6A",3,9,"notmono",0.5,"AMM6AACPL",836546.7060295,1619645.123,0.5165,130.3,46.44681839,1.62,83.07,6.000673539
"s129","A","MM6A","ACRU",6,12,"Acer","Angio","AMM6A",3,9,"notmono",0.5,"AMM6AACRU",459057.289961667,936851.612166667,0.49,23.7,71.09370696,1.913837571,111.1536882,5.566666667
"s98","A","MM6A","ACSA",6,12,"Acer","Angio","AMM6A",3,9,"notmono",0.5,"AMM6AACSA",596664.329893335,1065472.01766667,0.56,55.2,70.62731781,1.831675,84.5819209,5.5
"s71","A","MM6A","BEAL",6,12,"Betula","Angio","AMM6A",3,9,"notmono",0.5,"AMM6ABEAL",278510.838466667,506383.342666667,0.55,1,46.08294931,2.2,206,5.5
"s97","A","MM6A","LALA",6,12,"Larix","Gymno","AMM6A",3,9,"notmono",0.5,"AMM6ALALA",876593.242816668,1788965.80166667,0.49,2,120.0000005,1.355,59.41951,6
"s153","A","MM6A","PIAB",6,12,"Picea","Gymno","AMM6A",3,9,"notmono",0.5,"AMM6APIAB",60624.044271,163848.7683,0.37,7,235.18,1.19,29.31,103.2
"s68","A","MM6A","PIOM",6,12,"Picea","Gymno","AMM6A",3,9,"notmono",0.5,"AMM6APIOM",729.1944,2025.54,0.36,2.9,285.7299176,1.182903124,29.39155,61.88640351
"s130","A","MM6A","PIRU",6,12,"Picea","Gymno","AMM6A",3,9,"notmono",0.5,"AMM6APIRU",13976.41737,37774.101,0.37,3.3,263,1.2,32,55
"s84","A","MM6A","QURO",6,12,"Quercus","Angio","AMM6A",3,9,"notmono",0.5,"AMM6AQURO",759124.559666665,1355579.57083333,0.56,3378,64.85453931,1.86,85.1,6.000673539
"s78","A","MM6A","TICO",6,12,"Tilia","Angio","AMM6A",3,9,"notmono",0.5,"AMM6ATICO",724594.906083439,1717497.22933333,0.42189,50.9,49.1117001,2.125,83.85,4.799544249
"s304","A","MM6B","ACPL",5,12,"Acer","Angio","AMM6B",2,1,"notmono",0.75,"AMM6BACPL",468481.485330666,907030.949333333,0.5165,130.3,46.44681839,1.62,83.07,6.000673539
"s302","A","MM6B","BEPA",5,12,"Betula","Angio","AMM6B",2,1,"notmono",0.75,"AMM6BBEPA",1876184.91576,3908718.5745,0.48,0.3,85.50806324,2.208401667,195,5.5
"s188","A","MM6B","LADE",5,12,"Larix","Gymno","AMM6B",2,1,"notmono",0.75,"AMM6BLADE",1091665.3158001,2305279.94045,0.47355,7.1,86.28640264,1.955,71.616275,6.000336769
"s264","A","MM6B","PIAB",5,12,"Picea","Gymno","AMM6B",2,1,"notmono",0.75,"AMM6BPIAB",71239.0351853332,192537.932933333,0.37,7,235.18,1.19,29.31,103.2
"s170","A","MM6B","PIGL",5,12,"Picea","Gymno","AMM6B",2,1,"notmono",0.75,"AMM6BPIGL",41176.4511949999,124777.124833333,0.33,2.4,302.86,1.28,35.58,50
"s138","A","MM6B","PIOM",5,12,"Picea","Gymno","AMM6B",2,1,"notmono",0.75,"AMM6BPIOM",2274.340428,6317.6123,0.36,2.9,285.7299176,1.182903124,29.39155,61.88640351
"s145","A","MM6B","PIRE",5,12,"Pinus","Gymno","AMM6B",2,1,"notmono",0.75,"AMM6BPIRE",52497.8780636665,128043.605033333,0.41,9,294.12,1.17,24,36
"s283","A","MM6B","PIST",5,12,"Pinus","Gymno","AMM6B",2,1,"notmono",0.75,"AMM6BPIST",86947.8350666668,255728.926666667,0.34,17,121.9153937,1.423333333,43.79823667,20
"s112","A","MM6B","PISY",5,12,"Pinus","Gymno","AMM6B",2,1,"notmono",0.75,"AMM6BPISY",184842.7567264,438016.0112,0.422,6,292.7551279,1.217940293,36.85035,27.90024909
"s305","A","MM6B","QURU",5,12,"Quercus","Angio","AMM6B",2,1,"notmono",0.75,"AMM6BQURU",933514.591706665,1666990.34233333,0.56,3143,88.02929621,2.030464833,148.5518182,6.000673539
"s297","A","MM6B","THOC",5,12,"Thuya","Gymno","AMM6B",2,1,"notmono",0.75,"AMM6BTHOC",147249.75665,490832.522166667,0.3,1.5,223.0000016,1.02,32.22441,33
"s190","A","MM6B","TICO",5,12,"Tilia","Angio","AMM6B",2,1,"notmono",0.75,"AMM6BTICO",168958.54348254,400480.086,0.42189,50.9,49.1117001,2.125,83.85,4.799544249
"s277","A","PIAB","PIAB",0,1,"Picea","Gymno","APIAB",3,1,"mono",1,"APIABPIAB",168590.973855917,455651.280691667,0.37,7,235.18,1.19,29.31,103.2
"s159","A","PIGL","PIGL",0,1,"Picea","Gymno","APIGL",1,6,"mono",1,"APIGLPIGL",153344.83263275,464681.311008333,0.33,2.4,302.86,1.28,35.58,50
"s273","A","PIOM","PIOM",0,1,"Picea","Gymno","APIOM",5,2,"mono",1,"APIOMPIOM",37434.1116120001,103983.643366667,0.36,2.9,285.7299176,1.182903124,29.39155,61.88640351
"s279","A","PIRE","PIRE",0,1,"Pinus","Gymno","APIRE",4,2,"mono",1,"APIREPIRE",168054.605709972,409889.282219444,0.41,9,294.12,1.17,24,36
"s288","A","PIRU","PIRU",0,1,"Picea","Gymno","APIRU",2,3,"mono",1,"APIRUPIRU",70176.1275283611,189665.209536111,0.37,3.3,263,1.2,32,55
"s93","A","PIST","PIST",0,1,"Pinus","Gymno","APIST",5,9,"mono",1,"APISTPIST",195034.915989,573632.10585,0.34,17,121.9153937,1.423333333,43.79823667,20
"s287","A","PISY","PISY",0,1,"Pinus","Gymno","APISY",1,4,"mono",1,"APISYPISY",273515.03298076,648139.88858,0.422,6,292.7551279,1.217940293,36.85035,27.90024909
"s125","A","QURO","QURO",0,1,"Quercus","Angio","AQURO",5,5,"mono",0,"AQUROQURO",377040.326133334,673286.296666667,0.56,3378,64.85453931,1.86,85.1,6.000673539
"s73","A","QURU","QURU",0,1,"Quercus","Angio","AQURU",4,6,"mono",0,"AQURUQURU",430127.606816444,768085.012172222,0.56,3143,88.02929621,2.030464833,148.5518182,6.000673539
"s40","A","THOC","THOC",0,1,"Thuya","Gymno","ATHOC",1,1,"mono",1,"ATHOCTHOC",147265.19306,490883.976866667,0.3,1.5,223.0000016,1.02,32.22441,33
"s275","A","TICO","TICO",0,1,"Tilia","Angio","ATICO",3,4,"mono",0,"ATICOTICO",324918.554844983,770149.932079412,0.42189,50.9,49.1117001,2.125,83.85,4.799544249
"s147","B","12N","ABBA",5,12,"Abies","Gymno","B12N",4,18,"notmono",0.5833333,"B12NABBA",14798.15128,44842.8826666667,0.33,7.6,143,1.45,50,84
"s13","B","12N","ACRU",5,12,"Acer","Angio","B12N",4,18,"notmono",0.5833333,"B12NACRU",832443.5266,1698864.34,0.49,23.7,71.09370696,1.913837571,111.1536882,5.566666667
"s7","B","12N","ACSA",5,12,"Acer","Angio","B12N",4,18,"notmono",0.5833333,"B12NACSA",289129.736186667,516303.100333333,0.56,55.2,70.62731781,1.831675,84.5819209,5.5
"s47","B","12N","BEAL",5,12,"Betula","Angio","B12N",4,18,"notmono",0.5833333,"B12NBEAL",480766.185991667,874120.338166667,0.55,1,46.08294931,2.2,206,5.5
"s25","B","12N","BEPA",5,12,"Betula","Angio","B12N",4,18,"notmono",0.5833333,"B12NBEPA",2188183.23472,4558715.07233333,0.48,0.3,85.50806324,2.208401667,195,5.5
"s17","B","12N","LALA",5,12,"Larix","Gymno","B12N",4,18,"notmono",0.5833333,"B12NLALA",397176.532382,810564.3518,0.49,2,120.0000005,1.355,59.41951,6
"s171","B","12N","PIGL",5,12,"Picea","Gymno","B12N",4,18,"notmono",0.5833333,"B12NPIGL",32432.813435,98281.2528333333,0.33,2.4,302.86,1.28,35.58,50
"s30","B","12N","PIRE",5,12,"Pinus","Gymno","B12N",4,18,"notmono",0.5833333,"B12NPIRE",33824.8325423333,82499.5915666667,0.41,9,294.12,1.17,24,36
"s117","B","12N","PIRU",5,12,"Picea","Gymno","B12N",4,18,"notmono",0.5833333,"B12NPIRU",17362.127826,46924.6698,0.37,3.3,263,1.2,32,55
"s16","B","12N","PIST",5,12,"Pinus","Gymno","B12N",4,18,"notmono",0.5833333,"B12NPIST",67389.075692,198203.1638,0.34,17,121.9153937,1.423333333,43.79823667,20
"s36","B","12N","QURU",5,12,"Quercus","Angio","B12N",4,18,"notmono",0.5833333,"B12NQURU",1174864.99984,2097973.214,0.56,3143,88.02929621,2.030464833,148.5518182,6.000673539
"s88","B","12N","THOC",5,12,"Thuya","Gymno","B12N",4,18,"notmono",0.5833333,"B12NTHOC",27047.0185,90156.7283333333,0.3,1.5,223.0000016,1.02,32.22441,33
"s205","B","2N1","PIRE",1,2,"Pinus","Gymno","B2N1",3,12,"notmono",1,"B2N1PIRE",185121.036236389,451514.722527778,0.41,9,294.12,1.17,24,36
"s204","B","2N1","PIRU",1,2,"Picea","Gymno","B2N1",3,12,"notmono",1,"B2N1PIRU",111718.791706889,301942.680288889,0.37,3.3,263,1.2,32,55
"s144","B","2N2","LALA",2,2,"Larix","Gymno","B2N2",2,16,"notmono",1,"B2N2LALA",807376.480483612,1647707.10302778,0.49,2,120.0000005,1.355,59.41951,6
"s132","B","2N2","PIST",2,2,"Pinus","Gymno","B2N2",2,16,"notmono",1,"B2N2PIST",84130.0677115555,247441.375622222,0.34,17,121.9153937,1.423333333,43.79823667,20
"s238","B","2N3","BEAL",3,2,"Betula","Angio","B2N3",3,10,"notmono",0,"B2N3BEAL",280266.108634722,509574.742972222,0.55,1,46.08294931,2.2,206,5.5
"s229","B","2N3","QURU",3,2,"Quercus","Angio","B2N3",3,10,"notmono",0,"B2N3QURU",638083.792251114,1139435.34330556,0.56,3143,88.02929621,2.030464833,148.5518182,6.000673539
"s100","B","2N4","BEPA",4,2,"Betula","Angio","B2N4",3,18,"notmono",0,"B2N4BEPA",670538.127399998,1396954.43208333,0.48,0.3,85.50806324,2.208401667,195,5.5
"s26","B","2N4","QURU",4,2,"Quercus","Angio","B2N4",3,18,"notmono",0,"B2N4QURU",281440.576517334,502572.458066667,0.56,3143,88.02929621,2.030464833,148.5518182,6.000673539
"s180","B","2N5","PIGL",5,2,"Picea","Gymno","B2N5",6,15,"notmono",1,"B2N5PIGL",98712.1525646665,299127.735044444,0.33,2.4,302.86,1.28,35.58,50
"s15","B","2N5","PIST",5,2,"Pinus","Gymno","B2N5",6,15,"notmono",1,"B2N5PIST",240859.013896,708408.8644,0.34,17,121.9153937,1.423333333,43.79823667,20
"s10","B","2N6","ABBA",6,2,"Abies","Gymno","B2N6",5,18,"notmono",0.5,"B2N6ABBA",32272.2501291667,97794.6973611111,0.33,7.6,143,1.45,50,84
"s9","B","2N6","ACRU",6,2,"Acer","Angio","B2N6",5,18,"notmono",0.5,"B2N6ACRU",508038.1499165,1036812.55085,0.49,23.7,71.09370696,1.913837571,111.1536882,5.566666667
"s256","B","2N7","ACSA",7,2,"Acer","Angio","B2N7",2,12,"notmono",0.5,"B2N7ACSA",288285.44280421,514795.433578947,0.56,55.2,70.62731781,1.831675,84.5819209,5.5
"s237","B","2N7","LALA",7,2,"Larix","Gymno","B2N7",2,12,"notmono",0.5,"B2N7LALA",672504.03475047,1372457.21377647,0.49,2,120.0000005,1.355,59.41951,6
"s243","B","2N8","ACSA",8,2,"Acer","Angio","B2N8",6,13,"notmono",0.5,"B2N8ACSA",298818.050514666,533603.661633333,0.56,55.2,70.62731781,1.831675,84.5819209,5.5
"s234","B","2N8","THOC",8,2,"Thuya","Gymno","B2N8",6,13,"notmono",0.5,"B2N8THOC",112326.4095,374421.365,0.3,1.5,223.0000016,1.02,32.22441,33
"s18","B","2NR2A","ACRU",2,2,"Acer","Angio","B2NR2A",6,18,"notmono",0,"B2NR2AACRU",294984.666120278,602009.522694445,0.49,23.7,71.09370696,1.913837571,111.1536882,5.566666667
"s19","B","2NR2A","BEAL",2,2,"Betula","Angio","B2NR2A",6,18,"notmono",0,"B2NR2ABEAL",209826.747252222,381503.176822222,0.55,1,46.08294931,2.2,206,5.5
"s29","B","2NR2B","PIRE",2,2,"Pinus","Gymno","B2NR2B",1,18,"notmono",1,"B2NR2BPIRE",244177.311473389,595554.418227778,0.41,9,294.12,1.17,24,36
"s116","B","2NR2B","PIST",2,2,"Pinus","Gymno","B2NR2B",1,18,"notmono",1,"B2NR2BPIST",214805.726697778,631781.549111111,0.34,17,121.9153937,1.423333333,43.79823667,20
"s34","B","2NR4","LALA",4,2,"Larix","Gymno","B2NR4",3,17,"notmono",1,"B2NR4LALA",803595.866517888,1639991.56432222,0.49,2,120.0000005,1.355,59.41951,6
"s134","B","2NR4","PIGL",4,2,"Picea","Gymno","B2NR4",3,17,"notmono",1,"B2NR4PIGL",34958.0425186667,105933.462177778,0.33,2.4,302.86,1.28,35.58,50
"s22","B","2NR5","BEPA",5,2,"Betula","Angio","B2NR5",3,16,"notmono",0.5,"B2NR5BEPA",1134711.662648,2363982.63051667,0.48,0.3,85.50806324,2.208401667,195,5.5
"s31","B","2NR5","PIST",5,2,"Pinus","Gymno","B2NR5",3,16,"notmono",0.5,"B2NR5PIST",40079.637564889,117881.286955556,0.34,17,121.9153937,1.423333333,43.79823667,20
"s259","B","2NR7A","ABBA",7,2,"Abies","Gymno","B2NR7A",4,10,"notmono",0.5,"B2NR7AABBA",55627.5215374999,168568.247083333,0.33,7.6,143,1.45,50,84
"s254","B","2NR7A","ACSA",7,2,"Acer","Angio","B2NR7A",4,10,"notmono",0.5,"B2NR7AACSA",269404.187266667,481078.905833333,0.56,55.2,70.62731781,1.831675,84.5819209,5.5
"s250","B","2NR7B","ACRU",7,2,"Acer","Angio","B2NR7B",5,13,"notmono",0.5,"B2NR7BACRU",580362.012855332,1184412.27113333,0.49,23.7,71.09370696,1.913837571,111.1536882,5.566666667
"s209","B","2NR7B","THOC",7,2,"Thuya","Gymno","B2NR7B",5,13,"notmono",0.5,"B2NR7BTHOC",36337.3294883334,121124.431627778,0.3,1.5,223.0000016,1.02,32.22441,33
"s227","B","4N1","ABBA",1,4,"Abies","Gymno","B4N1",5,11,"notmono",1,"B4N1ABBA",127707.165329333,386991.410088889,0.33,7.6,143,1.45,50,84
"s241","B","4N1","PIGL",1,4,"Picea","Gymno","B4N1",5,11,"notmono",1,"B4N1PIGL",110964.305789333,336255.472088889,0.33,2.4,302.86,1.28,35.58,50
"s202","B","4N1","PIRE",1,4,"Pinus","Gymno","B4N1",5,11,"notmono",1,"B4N1PIRE",250599.593587222,611218.520944444,0.41,9,294.12,1.17,24,36
"s212","B","4N1","PIRU",1,4,"Picea","Gymno","B4N1",5,11,"notmono",1,"B4N1PIRU",101007.429955333,272993.053933333,0.37,3.3,263,1.2,32,55
"s1","B","4N2","ACRU",2,4,"Acer","Angio","B4N2",1,16,"notmono",0,"B4N2ACRU",191601.262824222,391022.985355556,0.49,23.7,71.09370696,1.913837571,111.1536882,5.566666667
"s5","B","4N2","BEAL",2,4,"Betula","Angio","B4N2",1,16,"notmono",0,"B4N2BEAL",103683.234147778,188514.971177778,0.55,1,46.08294931,2.2,206,5.5
"s90","B","4N2","BEPA",2,4,"Betula","Angio","B4N2",1,16,"notmono",0,"B4N2BEPA",958678.479466666,1997246.83222222,0.48,0.3,85.50806324,2.208401667,195,5.5
"s2","B","4N2","QURU",2,4,"Quercus","Angio","B4N2",1,16,"notmono",0,"B4N2QURU",783780.129751114,1399607.37455556,0.56,3143,88.02929621,2.030464833,148.5518182,6.000673539
"s28","B","4N3","BEAL",3,4,"Betula","Angio","B4N3",5,17,"notmono",0.75,"B4N3BEAL",1749274.53188889,3180499.14888889,0.55,1,46.08294931,2.2,206,5.5
"s27","B","4N3","PIRE",3,4,"Pinus","Gymno","B4N3",5,17,"notmono",0.75,"B4N3PIRE",33449.7844728889,81584.8401777778,0.41,9,294.12,1.17,24,36
"s162","B","4N3","PIRU",3,4,"Picea","Gymno","B4N3",5,17,"notmono",0.75,"B4N3PIRU",20783.4631276667,56171.5219666667,0.37,3.3,263,1.2,32,55
"s23","B","4N3","PIST",3,4,"Pinus","Gymno","B4N3",5,17,"notmono",0.75,"B4N3PIST",30548.1552888889,89847.5155555556,0.34,17,121.9153937,1.423333333,43.79823667,20
"s208","B","4N4","ABBA",4,4,"Abies","Gymno","B4N4",1,10,"notmono",0.75,"B4N4ABBA",39797.7806783334,120599.335388889,0.33,7.6,143,1.45,50,84
"s207","B","4N4","BEPA",4,4,"Betula","Angio","B4N4",1,10,"notmono",0.75,"B4N4BEPA",1695614.23512,3532529.6565,0.48,0.3,85.50806324,2.208401667,195,5.5
"s214","B","4N4","LALA",4,4,"Larix","Gymno","B4N4",1,10,"notmono",0.75,"B4N4LALA",266566.772273667,544013.820966667,0.49,2,120.0000005,1.355,59.41951,6
"s218","B","4N4","PIGL",4,4,"Picea","Gymno","B4N4",1,10,"notmono",0.75,"B4N4PIGL",51806.5622800001,156989.582666667,0.33,2.4,302.86,1.28,35.58,50
"s149","B","4N5","ABBA",5,4,"Abies","Gymno","B4N5",4,15,"notmono",0.75,"B4N5ABBA",57863.1146463335,175342.771655556,0.33,7.6,143,1.45,50,84
"s103","B","4N5","ACSA",5,4,"Acer","Angio","B4N5",4,15,"notmono",0.75,"B4N5ACSA",862332.665089778,1539879.75908889,0.56,55.2,70.62731781,1.831675,84.5819209,5.5
"s187","B","4N5","PIGL",5,4,"Picea","Gymno","B4N5",4,15,"notmono",0.75,"B4N5PIGL",57480.8024779999,174184.249933333,0.33,2.4,302.86,1.28,35.58,50
"s168","B","4N5","PIRU",5,4,"Picea","Gymno","B4N5",4,15,"notmono",0.75,"B4N5PIRU",64611.3121106668,174625.167866667,0.37,3.3,263,1.2,32,55
"s99","B","4N6","LALA",6,4,"Larix","Gymno","B4N6",5,16,"notmono",0.75,"B4N6LALA",475807.706939444,971036.136611111,0.49,2,120.0000005,1.355,59.41951,6
"s37","B","4N6","PIST",6,4,"Pinus","Gymno","B4N6",5,16,"notmono",0.75,"B4N6PIST",25689.3401746667,75556.8828666667,0.34,17,121.9153937,1.423333333,43.79823667,20
"s21","B","4N6","QURU",6,4,"Quercus","Angio","B4N6",5,16,"notmono",0.75,"B4N6QURU",1297719.72070222,2317356.64411111,0.56,3143,88.02929621,2.030464833,148.5518182,6.000673539
"s14","B","4N6","THOC",6,4,"Thuya","Gymno","B4N6",5,16,"notmono",0.75,"B4N6THOC",36795.2092866666,122650.697622222,0.3,1.5,223.0000016,1.02,32.22441,33
"s4","B","4N7","ACRU",7,4,"Acer","Angio","B4N7",2,18,"notmono",0.5,"B4N7ACRU",465473.406175556,949945.726888889,0.49,23.7,71.09370696,1.913837571,111.1536882,5.566666667
"s133","B","4N7","PIST",7,4,"Pinus","Gymno","B4N7",2,18,"notmono",0.5,"B4N7PIST",65533.91931,192746.8215,0.34,17,121.9153937,1.423333333,43.79823667,20
"s20","B","4N7","QURU",7,4,"Quercus","Angio","B4N7",2,18,"notmono",0.5,"B4N7QURU",913462.465222222,1631182.97361111,0.56,3143,88.02929621,2.030464833,148.5518182,6.000673539
"s51","B","4N7","THOC",7,4,"Thuya","Gymno","B4N7",2,18,"notmono",0.5,"B4N7THOC",16637.6802966667,55458.9343222222,0.3,1.5,223.0000016,1.02,32.22441,33
"s32","B","4N8","ACSA",8,4,"Acer","Angio","B4N8",1,17,"notmono",0.5,"B4N8ACSA",363894.279908444,649811.214122222,0.56,55.2,70.62731781,1.831675,84.5819209,5.5
"s3","B","4N8","BEAL",8,4,"Betula","Angio","B4N8",1,17,"notmono",0.5,"B4N8BEAL",910041.278098332,1654620.50563333,0.55,1,46.08294931,2.2,206,5.5
"s163","B","4N8","PIGL",8,4,"Picea","Gymno","B4N8",1,17,"notmono",0.5,"B4N8PIGL",36869.8330879999,111726.766933333,0.33,2.4,302.86,1.28,35.58,50
"s6","B","4N8","THOC",8,4,"Thuya","Gymno","B4N8",1,17,"notmono",0.5,"B4N8THOC",46545.7813400001,155152.604466667,0.3,1.5,223.0000016,1.02,32.22441,33
"s120","B","4NR2","PIRE",2,4,"Pinus","Gymno","B4NR2",1,15,"notmono",1,"B4NR2PIRE",252618.252841,616142.0801,0.41,9,294.12,1.17,24,36
"s185","B","4NR2","PIRU",2,4,"Picea","Gymno","B4NR2",1,15,"notmono",1,"B4NR2PIRU",85388.4747961111,230779.661611111,0.37,3.3,263,1.2,32,55
"s111","B","4NR2","PIST",2,4,"Pinus","Gymno","B4NR2",1,15,"notmono",1,"B4NR2PIST",255407.114133778,751197.394511111,0.34,17,121.9153937,1.423333333,43.79823667,20
"s222","B","4NR7","ACSA",7,4,"Acer","Angio","B4NR7",3,13,"notmono",0.5,"B4NR7ACSA",111631.625765334,199342.188866667,0.56,55.2,70.62731781,1.831675,84.5819209,5.5
"s261","B","4NR7","BEPA",7,4,"Betula","Angio","B4NR7",3,13,"notmono",0.5,"B4NR7BEPA",2089494.00149867,4353112.50312222,0.48,0.3,85.50806324,2.208401667,195,5.5
"s235","B","4NR7","PIGL",7,4,"Picea","Gymno","B4NR7",3,13,"notmono",0.5,"B4NR7PIGL",29206.0810506667,88503.2759111111,0.33,2.4,302.86,1.28,35.58,50
"s211","B","4NR7","PIST",7,4,"Pinus","Gymno","B4NR7",3,13,"notmono",0.5,"B4NR7PIST",20123.8154764445,59187.6925777778,0.34,17,121.9153937,1.423333333,43.79823667,20
"s121","B","ABBA","ABBA",0,1,"Abies","Gymno","BABBA",3,14,"mono",1,"BABBAABBA",123211.234375167,373367.376894444,0.33,7.6,143,1.45,50,84
"s221","B","ACPL","ACPL",0,1,"Acer","Angio","BACPL",1,13,"mono",0,"BACPLACPL",519324.507457743,1005468.55267714,0.5165,130.3,46.44681839,1.62,83.07,6.000673539
"s213","B","ACRU","ACRU",0,1,"Acer","Angio","BACRU",6,10,"mono",0,"BACRUACRU",330108.941885333,673691.718133333,0.49,23.7,71.09370696,1.913837571,111.1536882,5.566666667
"s141","B","ACSA","ACSA",0,1,"Acer","Angio","BACSA",6,14,"mono",0,"BACSAACSA",319872.049748222,571200.088836111,0.56,55.2,70.62731781,1.831675,84.5819209,5.5
"s216","B","BEAL","BEAL",0,1,"Betula","Angio","BBEAL",4,12,"mono",0,"BBEALBEAL",424892.971489861,772532.675436111,0.55,1,46.08294931,2.2,206,5.5
"s8","B","BEPA","BEPA",0,1,"Betula","Angio","BBEPA",4,17,"mono",0,"BBEPABEPA",584891.951677334,1218524.89932778,0.48,0.3,85.50806324,2.208401667,195,5.5
"s104","B","LADE","LADE",0,1,"Larix","Gymno","BLADE",2,15,"mono",1,"BLADELADE",666969.519365554,1408445.82275484,0.47355,7.1,86.28640264,1.955,71.616275,6.000336769
"s219","B","LALA","LALA",0,1,"Larix","Gymno","BLALA",2,11,"mono",1,"BLALALALA",589343.839457724,1202742.52950556,0.49,2,120.0000005,1.355,59.41951,6
"s257","B","M1","ACRU",1,4,"Acer","Angio","BM1",5,10,"notmono",0,"BM1ACRU",247853.637881111,505823.750777778,0.49,23.7,71.09370696,1.913837571,111.1536882,5.566666667
"s247","B","M1","BEAL",1,4,"Betula","Angio","BM1",5,10,"notmono",0,"BM1BEAL",337596.460666667,613811.746666667,0.55,1,46.08294931,2.2,206,5.5
"s223","B","M1","TICO",1,4,"Tilia","Angio","BM1",5,10,"notmono",0,"BM1TICO",294372.815451237,697747.790777778,0.42189,50.9,49.1117001,2.125,83.85,4.799544249
"s248","B","M2","LALA",2,4,"Larix","Gymno","BM2",3,11,"notmono",1,"BM2LALA",1159174.83940222,2365662.93755556,0.49,2,120.0000005,1.355,59.41951,6
"s206","B","M2","PIAB",2,4,"Picea","Gymno","BM2",3,11,"notmono",1,"BM2PIAB",47620.5716654443,128704.247744444,0.37,7,235.18,1.19,29.31,103.2
"s240","B","M2","PIRU",2,4,"Picea","Gymno","BM2",3,11,"notmono",1,"BM2PIRU",29385.2675112222,79419.6419222222,0.37,3.3,263,1.2,32,55
"s255","B","M2","PISY",2,4,"Pinus","Gymno","BM2",3,11,"notmono",1,"BM2PISY",69862.134182,165550.081,0.422,6,292.7551279,1.217940293,36.85035,27.90024909
"s119","B","M3","LADE",3,4,"Larix","Gymno","BM3",4,14,"notmono",0.75,"BM3LADE",362594.149999331,765693.485375,0.47355,7.1,86.28640264,1.955,71.616275,6.000336769
"s79","B","M3","PIRE",3,4,"Pinus","Gymno","BM3",4,14,"notmono",0.75,"BM3PIRE",24903.2947666667,60739.7433333333,0.41,9,294.12,1.17,24,36
"s65","B","M3","PISY",3,4,"Pinus","Gymno","BM3",4,14,"notmono",0.75,"BM3PISY",33897.2146715,80325.15325,0.422,6,292.7551279,1.217940293,36.85035,27.90024909
"s91","B","M3","QURU",3,4,"Quercus","Angio","BM3",4,14,"notmono",0.75,"BM3QURU",1347525.26763556,2406295.12077778,0.56,3143,88.02929621,2.030464833,148.5518182,6.000673539
"s244","B","M4","PIAB",4,4,"Picea","Gymno","BM4",5,12,"notmono",1,"BM4PIAB",215742.813593889,583088.685388889,0.37,7,235.18,1.19,29.31,103.2
"s242","B","M4","PIGL",4,4,"Picea","Gymno","BM4",5,12,"notmono",1,"BM4PIGL",132151.750903333,400459.851222222,0.33,2.4,302.86,1.28,35.58,50
"s236","B","M4","PISY",4,4,"Pinus","Gymno","BM4",5,12,"notmono",1,"BM4PISY",342455.292444666,811505.432333333,0.422,6,292.7551279,1.217940293,36.85035,27.90024909
"s228","B","M4","THOC",4,4,"Thuya","Gymno","BM4",5,12,"notmono",1,"BM4THOC",157803.729933333,526012.433111111,0.3,1.5,223.0000016,1.02,32.22441,33
"s178","B","M5","PIGL",5,4,"Picea","Gymno","BM5",5,15,"notmono",0.5,"BM5PIGL",29479.3398753333,89331.3329555556,0.33,2.4,302.86,1.28,35.58,50
"s176","B","M5","PIST",5,4,"Pinus","Gymno","BM5",5,15,"notmono",0.5,"BM5PIST",28373.0633155555,83450.1862222222,0.34,17,121.9153937,1.423333333,43.79823667,20
"s150","B","M5","QURO",5,4,"Quercus","Angio","BM5",5,15,"notmono",0.5,"BM5QURO",743856.451563557,1328315.09207778,0.56,3378,64.85453931,1.86,85.1,6.000673539
"s102","B","M5","TICO",5,4,"Tilia","Angio","BM5",5,15,"notmono",0.5,"BM5TICO",1124053.59596035,2664328.60688889,0.42189,50.9,49.1117001,2.125,83.85,4.799544249
"s137","B","M6","BEPA",6,4,"Betula","Angio","BM6",4,16,"notmono",0.5,"BM6BEPA",2337947.45405333,4870723.86261111,0.48,0.3,85.50806324,2.208401667,195,5.5
"s155","B","M6","PIRU",6,4,"Picea","Gymno","BM6",4,16,"notmono",0.5,"BM6PIRU",27370.8883594445,73975.3739444445,0.37,3.3,263,1.2,32,55
"s167","B","M6","PISY",6,4,"Pinus","Gymno","BM6",4,16,"notmono",0.5,"BM6PISY",34747.5831368,82340.2444,0.422,6,292.7551279,1.217940293,36.85035,27.90024909
"s142","B","M6","QURO",6,4,"Quercus","Angio","BM6",4,16,"notmono",0.5,"BM6QURO",122660.449495111,219036.516955556,0.56,3378,64.85453931,1.86,85.1,6.000673539
"s249","B","M7","ACPL",7,4,"Acer","Angio","BM7",4,11,"notmono",0.25,"BM7ACPL",221353.373030222,428564.129777778,0.5165,130.3,46.44681839,1.62,83.07,6.000673539
"s226","B","M7","ACSA",7,4,"Acer","Angio","BM7",4,11,"notmono",0.25,"BM7ACSA",87764.5702391114,156722.446855556,0.56,55.2,70.62731781,1.831675,84.5819209,5.5
"s260","B","M7","BEPA",7,4,"Betula","Angio","BM7",4,11,"notmono",0.25,"BM7BEPA",1668746.625872,3476555.47056667,0.48,0.3,85.50806324,2.208401667,195,5.5
"s262","B","M7","PIOM",7,4,"Picea","Gymno","BM7",4,11,"notmono",0.25,"BM7PIOM",1219.712148,3388.0893,0.36,2.9,285.7299176,1.182903124,29.39155,61.88640351
"s140","B","M8","ACPL",8,4,"Acer","Angio","BM8",5,14,"notmono",0.5,"BM8ACPL",788353.683829415,1526338.20683333,0.5165,130.3,46.44681839,1.62,83.07,6.000673539
"s64","B","M8","BEPA",8,4,"Betula","Angio","BM8",5,14,"notmono",0.5,"BM8BEPA",1582809.13952,3297519.04066667,0.48,0.3,85.50806324,2.208401667,195,5.5
"s122","B","M8","PIAB",8,4,"Picea","Gymno","BM8",5,14,"notmono",0.5,"BM8PIAB",21319.0217037778,57618.9775777778,0.37,7,235.18,1.19,29.31,103.2
"s66","B","M8","THOC",8,4,"Thuya","Gymno","BM8",5,14,"notmono",0.5,"BM8THOC",33588.1926699999,111960.642233333,0.3,1.5,223.0000016,1.02,32.22441,33
"s135","B","MM6A","ACPL",6,12,"Acer","Angio","BMM6A",1,14,"notmono",0.5,"BMM6AACPL",773546.4707072,1497669.8368,0.5165,130.3,46.44681839,1.62,83.07,6.000673539
"s110","B","MM6A","ACRU",6,12,"Acer","Angio","BMM6A",1,14,"notmono",0.5,"BMM6AACRU",624533.012238332,1274557.16783333,0.49,23.7,71.09370696,1.913837571,111.1536882,5.566666667
"s108","B","MM6A","ACSA",6,12,"Acer","Angio","BMM6A",1,14,"notmono",0.5,"BMM6AACSA",369252.727741334,659379.870966667,0.56,55.2,70.62731781,1.831675,84.5819209,5.5
"s107","B","MM6A","BEAL",6,12,"Betula","Angio","BMM6A",1,14,"notmono",0.5,"BMM6ABEAL",744036.968033332,1352794.48733333,0.55,1,46.08294931,2.2,206,5.5
"s148","B","MM6A","LALA",6,12,"Larix","Gymno","BMM6A",1,14,"notmono",0.5,"BMM6ALALA",1203940.93647333,2457022.31933333,0.49,2,120.0000005,1.355,59.41951,6
"s179","B","MM6A","PIAB",6,12,"Picea","Gymno","BMM6A",1,14,"notmono",0.5,"BMM6APIAB",37254.0820833332,100686.708333333,0.37,7,235.18,1.19,29.31,103.2
"s143","B","MM6A","PIOM",6,12,"Picea","Gymno","BMM6A",1,14,"notmono",0.5,"BMM6APIOM",1910.005692,5305.57136666667,0.36,2.9,285.7299176,1.182903124,29.39155,61.88640351
"s172","B","MM6A","PIRU",6,12,"Picea","Gymno","BMM6A",1,14,"notmono",0.5,"BMM6APIRU",24374.1440746667,65876.0650666667,0.37,3.3,263,1.2,32,55
"s69","B","MM6A","QURO",6,12,"Quercus","Angio","BMM6A",1,14,"notmono",0.5,"BMM6AQURO",736659.56084,1315463.5015,0.56,3378,64.85453931,1.86,85.1,6.000673539
"s109","B","MM6A","TICO",6,12,"Tilia","Angio","BMM6A",1,14,"notmono",0.5,"BMM6ATICO",1125488.46175724,2667729.64933333,0.42189,50.9,49.1117001,2.125,83.85,4.799544249
"s224","B","MM6B","ACPL",5,12,"Acer","Angio","BMM6B",2,13,"notmono",0.75,"BMM6BACPL",1146858.66970066,2220442.72933333,0.5165,130.3,46.44681839,1.62,83.07,6.000673539
"s225","B","MM6B","BEPA",5,12,"Betula","Angio","BMM6B",2,13,"notmono",0.75,"BMM6BBEPA",2748643.7816,5726341.21166667,0.48,0.3,85.50806324,2.208401667,195,5.5
"s233","B","MM6B","LADE",5,12,"Larix","Gymno","BMM6B",2,13,"notmono",0.75,"BMM6BLADE",459006.428925275,969288.203833333,0.47355,7.1,86.28640264,1.955,71.616275,6.000336769
"s251","B","MM6B","PIAB",5,12,"Picea","Gymno","BMM6B",2,13,"notmono",0.75,"BMM6BPIAB",48480.5630313332,131028.548733333,0.37,7,235.18,1.19,29.31,103.2
"s203","B","MM6B","PIGL",5,12,"Picea","Gymno","BMM6B",2,13,"notmono",0.75,"BMM6BPIGL",36555.943314,110775.5858,0.33,2.4,302.86,1.28,35.58,50
"s232","B","MM6B","PIRE",5,12,"Pinus","Gymno","BMM6B",2,13,"notmono",0.75,"BMM6BPIRE",27720.4211666666,67610.7833333333,0.41,9,294.12,1.17,24,36
"s245","B","MM6B","PIST",5,12,"Pinus","Gymno","BMM6B",2,13,"notmono",0.75,"BMM6BPIST",36388.2164626668,107024.166066667,0.34,17,121.9153937,1.423333333,43.79823667,20
"s246","B","MM6B","PISY",5,12,"Pinus","Gymno","BMM6B",2,13,"notmono",0.75,"BMM6BPISY",63962.5263131335,151569.967566667,0.422,6,292.7551279,1.217940293,36.85035,27.90024909
"s230","B","MM6B","QURU",5,12,"Quercus","Angio","BMM6B",2,13,"notmono",0.75,"BMM6BQURU",963132.365066665,1719879.22333333,0.56,3143,88.02929621,2.030464833,148.5518182,6.000673539
"s253","B","MM6B","THOC",5,12,"Thuya","Gymno","BMM6B",2,13,"notmono",0.75,"BMM6BTHOC",52429.3924599999,174764.641533333,0.3,1.5,223.0000016,1.02,32.22441,33
"s201","B","MM6B","TICO",5,12,"Tilia","Angio","BMM6B",2,13,"notmono",0.75,"BMM6BTICO",114905.793514379,272359.604433333,0.42189,50.9,49.1117001,2.125,83.85,4.799544249
"s215","B","PIAB","PIAB",0,1,"Picea","Gymno","BPIAB",4,13,"mono",1,"BPIABPIAB",151637.674127972,409831.551697222,0.37,7,235.18,1.19,29.31,103.2
"s217","B","PIGL","PIGL",0,1,"Picea","Gymno","BPIGL",1,11,"mono",1,"BPIGLPIGL",125500.840972833,380305.578705556,0.33,2.4,302.86,1.28,35.58,50
"s231","B","PIOM","PIOM",0,1,"Picea","Gymno","BPIOM",2,10,"mono",1,"BPIOMPIOM",41226.5885483999,114518.301523333,0.36,2.9,285.7299176,1.182903124,29.39155,61.88640351
"s63","B","PIRE","PIRE",0,1,"Pinus","Gymno","BPIRE",2,14,"mono",1,"BPIREPIRE",160203.372839778,390739.933755556,0.41,9,294.12,1.17,24,36
"s239","B","PIRU","PIRU",0,1,"Picea","Gymno","BPIRU",6,11,"mono",1,"BPIRUPIRU",135159.543697472,365296.064047222,0.37,3.3,263,1.2,32,55
"s220","B","PIST","PIST",0,1,"Pinus","Gymno","BPIST",6,12,"mono",1,"BPISTPIST",202516.186256389,595635.841930556,0.34,17,121.9153937,1.423333333,43.79823667,20
"s210","B","PISY","PISY",0,1,"Pinus","Gymno","BPISY",1,12,"mono",1,"BPISYPISY",270845.040068817,641812.891158333,0.422,6,292.7551279,1.217940293,36.85035,27.90024909
"s60","B","QURO","QURO",0,1,"Quercus","Angio","BQURO",3,15,"mono",0,"BQUROQURO",271121.4341168,484145.418065714,0.56,3378,64.85453931,1.86,85.1,6.000673539
"s33","B","QURU","QURU",0,1,"Quercus","Angio","BQURU",6,16,"mono",0,"BQURUQURU",468472.630338222,836558.268461111,0.56,3143,88.02929621,2.030464833,148.5518182,6.000673539
"s72","B","THOC","THOC",0,1,"Thuya","Gymno","BTHOC",6,17,"mono",1,"BTHOCTHOC",139560.102310833,465200.341036111,0.3,1.5,223.0000016,1.02,32.22441,33
"s12","B","TICO","TICO",0,1,"Tilia","Angio","BTICO",2,17,"mono",0,"BTICOTICO",403666.231217595,956804.454283333,0.42189,50.9,49.1117001,2.125,83.85,4.799544249
"X589","C","12N","ABBA",5,12,"Abies","Gymno","C12N",7,12,"notmono",0.5833333,"C12NABBA",23376.16857884,70836.8744813333,0.33,7.6,143,1.45,50,84
"X603","C","12N","ACRU",5,12,"Acer","Angio","C12N",7,12,"notmono",0.5833333,"C12NACRU",1146173.8249794,2339130.25506,0.49,23.7,71.09370696,1.913837571,111.1536882,5.566666667
"s403","C","12N","ACSA",5,12,"Acer","Angio","C12N",7,12,"notmono",0.5833333,"C12NACSA",389785.115346667,696044.848833333,0.56,55.2,70.62731781,1.831675,84.5819209,5.5
"s430","C","12N","BEPA",5,12,"Betula","Angio","C12N",7,12,"notmono",0.5833333,"C12NBEPA",3515886.097472,7324762.70306667,0.48,0.3,85.50806324,2.208401667,195,5.5
"X572","C","12N","LALA",5,12,"Larix","Gymno","C12N",7,12,"notmono",0.5833333,"C12NLALA",386175.396133333,788113.053333333,0.49,2,120.0000005,1.355,59.41951,6
"X593","C","12N","PIGL",5,12,"Picea","Gymno","C12N",7,12,"notmono",0.5833333,"C12NPIGL",25311.774708,76702.3476,0.33,2.4,302.86,1.28,35.58,50
"s361","C","12N","PIRE",5,12,"Pinus","Gymno","C12N",7,12,"notmono",0.5833333,"C12NPIRE",25941.8360553333,63272.7708666667,0.41,9,294.12,1.17,24,36
"s368","C","12N","PIRU",5,12,"Picea","Gymno","C12N",7,12,"notmono",0.5833333,"C12NPIRU",19698.6141983333,53239.4978333333,0.37,3.3,263,1.2,32,55
"s443","C","12N","PIST",5,12,"Pinus","Gymno","C12N",7,12,"notmono",0.5833333,"C12NPIST",52308.7719506668,153849.329266667,0.34,17,121.9153937,1.423333333,43.79823667,20
"s424","C","12N","QURU",5,12,"Quercus","Angio","C12N",7,12,"notmono",0.5833333,"C12NQURU",940169.48603424,1678874.082204,0.56,3143,88.02929621,2.030464833,148.5518182,6.000673539
"X595","C","12N","THOC",5,12,"Thuya","Gymno","C12N",7,12,"notmono",0.5833333,"C12NTHOC",25964.20027,86547.3342333333,0.3,1.5,223.0000016,1.02,32.22441,33
"X590","C","2N1","PIRE",1,2,"Pinus","Gymno","C2N1",10,14,"notmono",1,"C2N1PIRE",290004.636798942,707328.382436445,0.41,9,294.12,1.17,24,36
"s426","C","2N1","PIRU",1,2,"Picea","Gymno","C2N1",10,14,"notmono",1,"C2N1PIRU",94177.2363759021,254533.071286222,0.37,3.3,263,1.2,32,55
"X460","C","2N2","LALA",2,2,"Larix","Gymno","C2N2",9,11,"notmono",1,"C2N2LALA",734977.45299986,1499953.985714,0.49,2,120.0000005,1.355,59.41951,6
"s456","C","2N2","PIST",2,2,"Pinus","Gymno","C2N2",9,11,"notmono",1,"C2N2PIST",63239.7288247645,185999.202425778,0.34,17,121.9153937,1.423333333,43.79823667,20
"X564","C","2N3","BEAL",3,2,"Betula","Angio","C2N3",12,12,"notmono",0,"C2N3BEAL",151055.840290911,274646.982347111,0.55,1,46.08294931,2.2,206,5.5
"X609","C","2N3","QURU",3,2,"Quercus","Angio","C2N3",12,12,"notmono",0,"C2N3QURU",775809.157725157,1385373.49593778,0.56,3143,88.02929621,2.030464833,148.5518182,6.000673539
"X599","C","2N4","BEPA",4,2,"Betula","Angio","C2N4",11,18,"notmono",0,"C2N4BEPA",862333.962720854,1796529.08900178,0.48,0.3,85.50806324,2.208401667,195,5.5
"s453","C","2N4","QURU",4,2,"Quercus","Angio","C2N4",11,18,"notmono",0,"C2N4QURU",208981.457732196,373181.174521778,0.56,3143,88.02929621,2.030464833,148.5518182,6.000673539
"s432","C","2N5","PIGL",5,2,"Picea","Gymno","C2N5",12,11,"notmono",1,"C2N5PIGL",89748.3232492001,271964.615906667,0.33,2.4,302.86,1.28,35.58,50
"X611","C","2N5","PIST",5,2,"Pinus","Gymno","C2N5",12,11,"notmono",1,"C2N5PIST",285193.51217924,838804.447586,0.34,17,121.9153937,1.423333333,43.79823667,20
"s378","C","2N6","ABBA",6,2,"Abies","Gymno","C2N6",11,17,"notmono",0.5,"C2N6ABBA",23698.8589922333,71814.7242188889,0.33,7.6,143,1.45,50,84
"s441","C","2N6","ACRU",6,2,"Acer","Angio","C2N6",11,17,"notmono",0.5,"C2N6ACRU",681806.859833772,1391442.57108933,0.49,23.7,71.09370696,1.913837571,111.1536882,5.566666667
"s381","C","2N7","ACSA",7,2,"Acer","Angio","C2N7",8,14,"notmono",0.5,"C2N7ACSA",355271.085121769,634412.652003158,0.56,55.2,70.62731781,1.831675,84.5819209,5.5
"s434","C","2N7","LALA",7,2,"Larix","Gymno","C2N7",8,14,"notmono",0.5,"C2N7LALA",629740.308743709,1285184.30355859,0.49,2,120.0000005,1.355,59.41951,6
"X592","C","2N8","ACSA",8,2,"Acer","Angio","C2N8",10,16,"notmono",0.5,"C2N8ACSA",747916.275057778,1335564.77688889,0.56,55.2,70.62731781,1.831675,84.5819209,5.5
"s373","C","2N8","THOC",8,2,"Thuya","Gymno","C2N8",10,16,"notmono",0.5,"C2N8THOC",56933.9684816667,189779.894938889,0.3,1.5,223.0000016,1.02,32.22441,33
"s438","C","2NR2A","ACRU",2,2,"Acer","Angio","C2NR2A",9,10,"notmono",0,"C2NR2AACRU",367299.9704458,749591.77642,0.49,23.7,71.09370696,1.913837571,111.1536882,5.566666667
"s400","C","2NR2A","BEAL",2,2,"Betula","Angio","C2NR2A",9,10,"notmono",0,"C2NR2ABEAL",315051.433967356,572820.789031556,0.55,1,46.08294931,2.2,206,5.5
"X577","C","2NR2B","PIRE",2,2,"Pinus","Gymno","C2NR2B",10,12,"notmono",1,"C2NR2BPIRE",199390.984373711,486319.474082222,0.41,9,294.12,1.17,24,36
"X587","C","2NR2B","PIST",2,2,"Pinus","Gymno","C2NR2B",10,12,"notmono",1,"C2NR2BPIST",181930.291676969,535089.093167556,0.34,17,121.9153937,1.423333333,43.79823667,20
"s440","C","2NR4","LALA",4,2,"Larix","Gymno","C2NR4",10,17,"notmono",1,"C2NR4LALA",757896.734669728,1546728.02993822,0.49,2,120.0000005,1.355,59.41951,6
"X600","C","2NR4","PIGL",4,2,"Picea","Gymno","C2NR4",10,17,"notmono",1,"C2NR4PIGL",48843.3545797999,148010.165393333,0.33,2.4,302.86,1.28,35.58,50
"s362","C","2NR5","PIST",5,2,"Pinus","Gymno","C2NR5",11,10,"notmono",0.5,"C2NR5PIST",23343.22050804,68656.530906,0.34,17,121.9153937,1.423333333,43.79823667,20
"s425","C","2NR7A","ABBA",7,2,"Abies","Gymno","C2NR7A",11,15,"notmono",0.5,"C2NR7AABBA",35591.6645431601,107853.528918667,0.33,7.6,143,1.45,50,84
"s420","C","2NR7A","ACSA",7,2,"Acer","Angio","C2NR7A",11,15,"notmono",0.5,"C2NR7AACSA",550156.169650702,982421.731519111,0.56,55.2,70.62731781,1.831675,84.5819209,5.5
"X606","C","2NR7B","ACRU",7,2,"Acer","Angio","C2NR7B",9,17,"notmono",0.5,"C2NR7BACRU",401787.912408867,819975.331446667,0.49,23.7,71.09370696,1.913837571,111.1536882,5.566666667
"s384","C","2NR7B","THOC",7,2,"Thuya","Gymno","C2NR7B",9,17,"notmono",0.5,"C2NR7BTHOC",77401.9761489999,258006.587163333,0.3,1.5,223.0000016,1.02,32.22441,33
"s399","C","4N1","ABBA",1,4,"Abies","Gymno","C4N1",8,18,"notmono",1,"C4N1ABBA",71049.9242144267,215302.800649778,0.33,7.6,143,1.45,50,84
"s417","C","4N1","PIGL",1,4,"Picea","Gymno","C4N1",8,18,"notmono",1,"C4N1PIGL",83478.6342784535,252965.558419556,0.33,2.4,302.86,1.28,35.58,50
"s386","C","4N1","PIRE",1,4,"Pinus","Gymno","C4N1",8,18,"notmono",1,"C4N1PIRE",321432.6823528,783982.15208,0.41,9,294.12,1.17,24,36
"s413","C","4N1","PIRU",1,4,"Picea","Gymno","C4N1",8,18,"notmono",1,"C4N1PIRU",63233.6490046668,170901.754066667,0.37,3.3,263,1.2,32,55
"X579","C","4N2","ACRU",2,4,"Acer","Angio","C4N2",7,14,"notmono",0,"C4N2ACRU",160861.253906111,328288.273277778,0.49,23.7,71.09370696,1.913837571,111.1536882,5.566666667
"s404","C","4N2","BEAL",2,4,"Betula","Angio","C4N2",7,14,"notmono",0,"C4N2BEAL",159138.765031889,289343.209148889,0.55,1,46.08294931,2.2,206,5.5
"s418","C","4N2","BEPA",2,4,"Betula","Angio","C4N2",7,14,"notmono",0,"C4N2BEPA",1068786.51376533,2226638.57034444,0.48,0.3,85.50806324,2.208401667,195,5.5
"s414","C","4N2","QURU",2,4,"Quercus","Angio","C4N2",7,14,"notmono",0,"C4N2QURU",447575.594996444,799242.133922222,0.56,3143,88.02929621,2.030464833,148.5518182,6.000673539
"s436","C","4N3","BEAL",3,4,"Betula","Angio","C4N3",8,10,"notmono",0.75,"C4N3BEAL",1273170.86483644,2314856.11788444,0.55,1,46.08294931,2.2,206,5.5
"X459","C","4N3","PIRE",3,4,"Pinus","Gymno","C4N3",8,10,"notmono",0.75,"C4N3PIRE",110950.680314911,270611.415402222,0.41,9,294.12,1.17,24,36
"s435","C","4N3","PIRU",3,4,"Picea","Gymno","C4N3",8,10,"notmono",0.75,"C4N3PIRU",25921.5418620889,70058.2212488889,0.37,3.3,263,1.2,32,55
"X615","C","4N3","PIST",3,4,"Pinus","Gymno","C4N3",8,10,"notmono",0.75,"C4N3PIST",111065.163920613,326662.246825333,0.34,17,121.9153937,1.423333333,43.79823667,20
"s365","C","4N4","ABBA",4,4,"Abies","Gymno","C4N4",7,11,"notmono",0.75,"C4N4ABBA",48169.7541346266,145968.951923111,0.33,7.6,143,1.45,50,84
"X575","C","4N4","BEPA",4,4,"Betula","Angio","C4N4",7,11,"notmono",0.75,"C4N4BEPA",1868916.03274965,3893575.06822844,0.48,0.3,85.50806324,2.208401667,195,5.5
"s408","C","4N4","LALA",4,4,"Larix","Gymno","C4N4",7,11,"notmono",0.75,"C4N4LALA",265053.243477556,540924.986688889,0.49,2,120.0000005,1.355,59.41951,6
"s406","C","4N4","PIGL",4,4,"Picea","Gymno","C4N4",7,11,"notmono",0.75,"C4N4PIGL",45978.4633658533,139328.676866222,0.33,2.4,302.86,1.28,35.58,50
"s445","C","4N5","ABBA",5,4,"Abies","Gymno","C4N5",11,14,"notmono",0.75,"C4N5ABBA",110812.3051376,335794.864053333,0.33,7.6,143,1.45,50,84
"s407","C","4N5","ACSA",5,4,"Acer","Angio","C4N5",11,14,"notmono",0.75,"C4N5ACSA",742204.803665422,1325365.72083111,0.56,55.2,70.62731781,1.831675,84.5819209,5.5
"s422","C","4N5","PIGL",5,4,"Picea","Gymno","C4N5",11,14,"notmono",0.75,"C4N5PIGL",90203.3759989999,273343.563633333,0.33,2.4,302.86,1.28,35.58,50
"X458","C","4N5","PIRU",5,4,"Picea","Gymno","C4N5",11,14,"notmono",0.75,"C4N5PIRU",59289.0995709111,160240.809651111,0.37,3.3,263,1.2,32,55
"s427","C","4N6","LALA",6,4,"Larix","Gymno","C4N6",7,13,"notmono",0.75,"C4N6LALA",550863.056485312,1124210.31935778,0.49,2,120.0000005,1.355,59.41951,6
"s402","C","4N6","PIST",6,4,"Pinus","Gymno","C4N6",7,13,"notmono",0.75,"C4N6PIST",57591.3865827645,169386.431125778,0.34,17,121.9153937,1.423333333,43.79823667,20
"s444","C","4N6","QURU",6,4,"Quercus","Angio","C4N6",7,13,"notmono",0.75,"C4N6QURU",1039517.87778646,1856281.92461867,0.56,3143,88.02929621,2.030464833,148.5518182,6.000673539
"X578","C","4N6","THOC",6,4,"Thuya","Gymno","C4N6",7,13,"notmono",0.75,"C4N6THOC",43084.8048590667,143616.016196889,0.3,1.5,223.0000016,1.02,32.22441,33
"s385","C","4N7","ACRU",7,4,"Acer","Angio","C4N7",10,18,"notmono",0.5,"C4N7ACRU",268212.066877222,547371.565055556,0.49,23.7,71.09370696,1.913837571,111.1536882,5.566666667
"s395","C","4N7","PIST",7,4,"Pinus","Gymno","C4N7",10,18,"notmono",0.5,"C4N7PIST",45658.5661554932,134289.900457333,0.34,17,121.9153937,1.423333333,43.79823667,20
"s449","C","4N7","QURU",7,4,"Quercus","Angio","C4N7",10,18,"notmono",0.5,"C4N7QURU",994793.646591114,1776417.22605556,0.56,3143,88.02929621,2.030464833,148.5518182,6.000673539
"X586","C","4N7","THOC",7,4,"Thuya","Gymno","C4N7",10,18,"notmono",0.5,"C4N7THOC",21988.0475466667,73293.4918222222,0.3,1.5,223.0000016,1.02,32.22441,33
"s446","C","4N8","ACSA",8,4,"Acer","Angio","C4N8",9,16,"notmono",0.5,"C4N8ACSA",508783.247491556,908541.513377778,0.56,55.2,70.62731781,1.831675,84.5819209,5.5
"s396","C","4N8","BEAL",8,4,"Betula","Angio","C4N8",9,16,"notmono",0.5,"C4N8BEAL",784909.628752331,1427108.41591333,0.55,1,46.08294931,2.2,206,5.5
"s412","C","4N8","PIGL",8,4,"Picea","Gymno","C4N8",9,16,"notmono",0.5,"C4N8PIGL",38472.9910545199,116584.821377333,0.33,2.4,302.86,1.28,35.58,50
"s369","C","4N8","THOC",8,4,"Thuya","Gymno","C4N8",9,16,"notmono",0.5,"C4N8THOC",52217.1753597333,174057.251199111,0.3,1.5,223.0000016,1.02,32.22441,33
"X581","C","4NR2","PIGL",2,4,"Picea","Gymno","C4NR2",11,16,"notmono",1,"C4NR2PIGL",68209.1627736935,206694.432647556,0.33,2.4,302.86,1.28,35.58,50
"X584","C","4NR2","PIRE",2,4,"Pinus","Gymno","C4NR2",11,16,"notmono",1,"C4NR2PIRE",279423.740240053,681521.317658667,0.41,9,294.12,1.17,24,36
"X582","C","4NR2","PIRU",2,4,"Picea","Gymno","C4NR2",11,16,"notmono",1,"C4NR2PIRU",53271.5394226268,143977.133574667,0.37,3.3,263,1.2,32,55
"s447","C","4NR2","PIST",2,4,"Pinus","Gymno","C4NR2",11,16,"notmono",1,"C4NR2PIST",336713.835700711,990334.810884444,0.34,17,121.9153937,1.423333333,43.79823667,20
"s375","C","4NR7","ACSA",7,4,"Acer","Angio","C4NR7",10,10,"notmono",0.5,"C4NR7ACSA",93810.3528787914,167518.487283556,0.56,55.2,70.62731781,1.831675,84.5819209,5.5
"X608","C","4NR7","BEPA",7,4,"Betula","Angio","C4NR7",10,10,"notmono",0.5,"C4NR7BEPA",2696081.91193899,5616837.31653956,0.48,0.3,85.50806324,2.208401667,195,5.5
"X597","C","4NR7","PIGL",7,4,"Picea","Gymno","C4NR7",10,10,"notmono",0.5,"C4NR7PIGL",17288.5160550667,52389.4425911111,0.33,2.4,302.86,1.28,35.58,50
"X568","C","4NR7","PIST",7,4,"Pinus","Gymno","C4NR7",10,10,"notmono",0.5,"C4NR7PIST",21287.1264799733,62609.1955293333,0.34,17,121.9153937,1.423333333,43.79823667,20
"s374","C","ABBA","ABBA",0,1,"Abies","Gymno","CABBA",12,17,"mono",1,"CABBAABBA",143108.53922299,433662.240069667,0.33,7.6,143,1.45,50,84
"s394","C","ACPL","ACPL",0,1,"Acer","Angio","CACPL",12,18,"mono",0,"CACPLACPL",471410.305623944,912701.462969882,0.5165,130.3,46.44681839,1.62,83.07,6.000673539
"X462","C","ACRU","ACRU",0,1,"Acer","Angio","CACRU",11,12,"mono",0,"CACRUACRU",365420.296948856,745755.708058889,0.49,23.7,71.09370696,1.913837571,111.1536882,5.566666667
"s397","C","ACSA","ACSA",0,1,"Acer","Angio","CACSA",11,11,"mono",0,"CACSAACSA",258296.351990258,461243.485696889,0.56,55.2,70.62731781,1.831675,84.5819209,5.5
"s376","C","BEAL","BEAL",0,1,"Betula","Angio","CBEAL",7,15,"mono",0,"CBEALBEAL",400460.132148572,728109.331179222,0.55,1,46.08294931,2.2,206,5.5
"s401","C","BEPA","BEPA",0,1,"Betula","Angio","CBEPA",8,17,"mono",0,"CBEPABEPA",369146.447881067,769055.099752222,0.48,0.3,85.50806324,2.208401667,195,5.5
"s370","C","LADE","LADE",0,1,"Larix","Gymno","CLADE",8,16,"mono",1,"CLADELADE",581596.515155959,1228162.84480194,0.47355,7.1,86.28640264,1.955,71.616275,6.000336769
"s389","C","LALA","LALA",0,1,"Larix","Gymno","CLALA",12,13,"mono",1,"CLALALALA",447828.922441499,913936.576411222,0.49,2,120.0000005,1.355,59.41951,6
"s377","C","M1","ACPL",1,4,"Acer","Angio","CM1",9,18,"notmono",0,"CM1ACPL",271170.345196779,525015.189151556,0.5165,130.3,46.44681839,1.62,83.07,6.000673539
"X605","C","M1","ACRU",1,4,"Acer","Angio","CM1",9,18,"notmono",0,"CM1ACRU",616909.370526184,1258998.71535956,0.49,23.7,71.09370696,1.913837571,111.1536882,5.566666667
"X580","C","M1","BEAL",1,4,"Betula","Angio","CM1",9,18,"notmono",0,"CM1BEAL",136475.900048767,248138.000088667,0.55,1,46.08294931,2.2,206,5.5
"s409","C","M1","TICO",1,4,"Tilia","Angio","CM1",9,18,"notmono",0,"CM1TICO",156158.485418045,370140.286373333,0.42189,50.9,49.1117001,2.125,83.85,4.799544249
"s415","C","M2","LALA",2,4,"Larix","Gymno","CM2",7,18,"notmono",1,"CM2LALA",1117519.63673075,2280652.31985867,0.49,2,120.0000005,1.355,59.41951,6
"s423","C","M2","PIAB",2,4,"Picea","Gymno","CM2",7,18,"notmono",1,"CM2PIAB",109818.590052787,296807.000142667,0.37,7,235.18,1.19,29.31,103.2
"s391","C","M2","PIRU",2,4,"Picea","Gymno","CM2",7,18,"notmono",1,"CM2PIRU",34101.9465208533,92167.4230293333,0.37,3.3,263,1.2,32,55
"s457","C","M2","PISY",2,4,"Pinus","Gymno","CM2",7,18,"notmono",1,"CM2PISY",167014.700921058,395769.433462222,0.422,6,292.7551279,1.217940293,36.85035,27.90024909
"X588","C","M3","LADE",3,4,"Larix","Gymno","CM3",10,13,"notmono",0.75,"CM3LADE",221317.137057266,467357.485075,0.47355,7.1,86.28640264,1.955,71.616275,6.000336769
"s452","C","M3","PIRE",3,4,"Pinus","Gymno","CM3",10,13,"notmono",0.75,"CM3PIRE",26237.5830792857,63994.1050714286,0.41,9,294.12,1.17,24,36
"s410","C","M3","PISY",3,4,"Pinus","Gymno","CM3",10,13,"notmono",0.75,"CM3PISY",37525.010328295,88921.8254225,0.422,6,292.7551279,1.217940293,36.85035,27.90024909
"X567","C","M3","QURU",3,4,"Quercus","Angio","CM3",10,13,"notmono",0.75,"CM3QURU",1260948.36194606,2251693.50347511,0.56,3143,88.02929621,2.030464833,148.5518182,6.000673539
"s433","C","M4","PIAB",4,4,"Picea","Gymno","CM4",9,15,"notmono",1,"CM4PIAB",206652.796002778,558521.070277778,0.37,7,235.18,1.19,29.31,103.2
"X573","C","M4","PIGL",4,4,"Picea","Gymno","CM4",9,15,"notmono",1,"CM4PIGL",89068.9598472666,269905.938931111,0.33,2.4,302.86,1.28,35.58,50
"s398","C","M4","PISY",4,4,"Pinus","Gymno","CM4",9,15,"notmono",1,"CM4PISY",298431.620866901,707183.935703556,0.422,6,292.7551279,1.217940293,36.85035,27.90024909
"s419","C","M4","THOC",4,4,"Thuya","Gymno","CM4",9,15,"notmono",1,"CM4THOC",230205.576172,767351.920573333,0.3,1.5,223.0000016,1.02,32.22441,33
"X583","C","M5","PIGL",5,4,"Picea","Gymno","CM5",12,10,"notmono",0.5,"CM5PIGL",40134.2446926666,121618.923311111,0.33,2.4,302.86,1.28,35.58,50
"X601","C","M5","PIST",5,4,"Pinus","Gymno","CM5",12,10,"notmono",0.5,"CM5PIST",51496.675758889,151460.811055556,0.34,17,121.9153937,1.423333333,43.79823667,20
"X610","C","M5","QURO",5,4,"Quercus","Angio","CM5",12,10,"notmono",0.5,"CM5QURO",650733.407930665,1162023.94273333,0.56,3378,64.85453931,1.86,85.1,6.000673539
"X570","C","M5","TICO",5,4,"Tilia","Angio","CM5",12,10,"notmono",0.5,"CM5TICO",498148.293603341,1180753.97284444,0.42189,50.9,49.1117001,2.125,83.85,4.799544249
"X569","C","M6","BEPA",6,4,"Betula","Angio","CM6",11,13,"notmono",0.5,"CM6BEPA",2220206.48106795,4625430.16889156,0.48,0.3,85.50806324,2.208401667,195,5.5
"X574","C","M6","PIRU",6,4,"Picea","Gymno","CM6",11,13,"notmono",0.5,"CM6PIRU",10708.5998845,28942.16185,0.37,3.3,263,1.2,32,55
"s442","C","M6","PISY",6,4,"Pinus","Gymno","CM6",11,13,"notmono",0.5,"CM6PISY",49642.042488417,117635.1717735,0.422,6,292.7551279,1.217940293,36.85035,27.90024909
"X565","C","M6","QURO",6,4,"Quercus","Angio","CM6",11,13,"notmono",0.5,"CM6QURO",100571.826805334,179592.547866667,0.56,3378,64.85453931,1.86,85.1,6.000673539
"X596","C","M7","ACPL",7,4,"Acer","Angio","CM7",10,11,"notmono",0.25,"CM7ACPL",81935.3139648573,158635.651432444,0.5165,130.3,46.44681839,1.62,83.07,6.000673539
"s363","C","M7","ACSA",7,4,"Acer","Angio","CM7",10,11,"notmono",0.25,"CM7ACSA",107073.656092729,191202.957308444,0.56,55.2,70.62731781,1.831675,84.5819209,5.5
"X607","C","M7","BEPA",7,4,"Betula","Angio","CM7",10,11,"notmono",0.25,"CM7BEPA",2668053.8991008,5558445.62312667,0.48,0.3,85.50806324,2.208401667,195,5.5
"X566","C","M7","PIOM",7,4,"Picea","Gymno","CM7",10,11,"notmono",0.25,"CM7PIOM",5091.218298,14142.27305,0.36,2.9,285.7299176,1.182903124,29.39155,61.88640351
"X591","C","M8","ACPL",8,4,"Acer","Angio","CM8",7,17,"notmono",0.5,"CM8ACPL",494122.361484007,956674.465603111,0.5165,130.3,46.44681839,1.62,83.07,6.000673539
"s366","C","M8","BEPA",8,4,"Betula","Angio","CM8",7,17,"notmono",0.5,"CM8BEPA",498632.368446931,1038817.43426444,0.48,0.3,85.50806324,2.208401667,195,5.5
"X604","C","M8","PIAB",8,4,"Picea","Gymno","CM8",7,17,"notmono",0.5,"CM8PIAB",51995.6190457157,140528.700123556,0.37,7,235.18,1.19,29.31,103.2
"s431","C","M8","THOC",8,4,"Thuya","Gymno","CM8",7,17,"notmono",0.5,"CM8THOC",82309.5067376001,274365.022458667,0.3,1.5,223.0000016,1.02,32.22441,33
"X571","C","MM6A","ABBA",6,12,"Abies","Gymno","CMM6A",9,14,"notmono",0.5,"CMM6AABBA",25710.004672,77909.1050666667,0.33,7.6,143,1.45,50,84
"s405","C","MM6A","ACPL",6,12,"Acer","Angio","CMM6A",9,14,"notmono",0.5,"CMM6AACPL",1717925.70959073,3326090.434832,0.5165,130.3,46.44681839,1.62,83.07,6.000673539
"s416","C","MM6A","ACRU",6,12,"Acer","Angio","CMM6A",9,14,"notmono",0.5,"CMM6AACRU",716107.557125332,1461443.99413333,0.49,23.7,71.09370696,1.913837571,111.1536882,5.566666667
"s392","C","MM6A","ACSA",6,12,"Acer","Angio","CMM6A",9,14,"notmono",0.5,"CMM6AACSA",443632.511690667,792200.913733333,0.56,55.2,70.62731781,1.831675,84.5819209,5.5
"s372","C","MM6A","BEAL",6,12,"Betula","Angio","CMM6A",9,14,"notmono",0.5,"CMM6ABEAL",256674.189038667,466680.343706667,0.55,1,46.08294931,2.2,206,5.5
"s380","C","MM6A","LALA",6,12,"Larix","Gymno","CMM6A",9,14,"notmono",0.5,"CMM6ALALA",599031.5366,1222513.34,0.49,2,120.0000005,1.355,59.41951,6
"X613","C","MM6A","PIAB",6,12,"Picea","Gymno","CMM6A",9,14,"notmono",0.5,"CMM6APIAB",40109.3167313332,108403.558733333,0.37,7,235.18,1.19,29.31,103.2
"s450","C","MM6A","PIRU",6,12,"Picea","Gymno","CMM6A",9,14,"notmono",0.5,"CMM6APIRU",14946.039,40394.7,0.37,3.3,263,1.2,32,55
"s421","C","MM6A","QURO",6,12,"Quercus","Angio","CMM6A",9,14,"notmono",0.5,"CMM6AQURO",568724.891728,1015580.1638,0.56,3378,64.85453931,1.86,85.1,6.000673539
"s451","C","MM6A","TICO",6,12,"Tilia","Angio","CMM6A",9,14,"notmono",0.5,"CMM6ATICO",3328061.72137937,7888458.4166,0.42189,50.9,49.1117001,2.125,83.85,4.799544249
"s437","C","MM6B","ACPL",5,12,"Acer","Angio","CMM6B",7,16,"notmono",0.75,"CMM6BACPL",631576.611229036,1222800.796184,0.5165,130.3,46.44681839,1.62,83.07,6.000673539
"X461","C","MM6B","BEPA",5,12,"Betula","Angio","CMM6B",7,16,"notmono",0.75,"CMM6BBEPA",638859.490368,1330957.2716,0.48,0.3,85.50806324,2.208401667,195,5.5
"X598","C","MM6B","LADE",5,12,"Larix","Gymno","CMM6B",7,16,"notmono",0.75,"CMM6BLADE",124409.667494574,262717.06788,0.47355,7.1,86.28640264,1.955,71.616275,6.000336769
"s429","C","MM6B","PIAB",5,12,"Picea","Gymno","CMM6B",7,16,"notmono",0.75,"CMM6BPIAB",45285.9152078668,122394.365426667,0.37,7,235.18,1.19,29.31,103.2
"s454","C","MM6B","PIGL",5,12,"Picea","Gymno","CMM6B",7,16,"notmono",0.75,"CMM6BPIGL",26284.9467232,79651.3537066667,0.33,2.4,302.86,1.28,35.58,50
"s455","C","MM6B","PIOM",5,12,"Picea","Gymno","CMM6B",7,16,"notmono",0.75,"CMM6BPIOM",5191.16352000001,14419.8986666667,0.36,2.9,285.7299176,1.182903124,29.39155,61.88640351
"s367","C","MM6B","PIRE",5,12,"Pinus","Gymno","CMM6B",7,16,"notmono",0.75,"CMM6BPIRE",30338.3244666667,73995.9133333333,0.41,9,294.12,1.17,24,36
"X602","C","MM6B","PIST",5,12,"Pinus","Gymno","CMM6B",7,16,"notmono",0.75,"CMM6BPIST",60831.26575,178915.4875,0.34,17,121.9153937,1.423333333,43.79823667,20
"X614","C","MM6B","PISY",5,12,"Pinus","Gymno","CMM6B",7,16,"notmono",0.75,"CMM6BPISY",144101.966721099,341473.854789333,0.422,6,292.7551279,1.217940293,36.85035,27.90024909
"s388","C","MM6B","QURU",5,12,"Quercus","Angio","CMM6B",7,16,"notmono",0.75,"CMM6BQURU",1079977.6614032,1928531.53822,0.56,3143,88.02929621,2.030464833,148.5518182,6.000673539
"X576","C","MM6B","THOC",5,12,"Thuya","Gymno","CMM6B",7,16,"notmono",0.75,"CMM6BTHOC",67491.5902640001,224971.967546667,0.3,1.5,223.0000016,1.02,32.22441,33
"s393","C","MM6B","TICO",5,12,"Tilia","Angio","CMM6B",7,16,"notmono",0.75,"CMM6BTICO",223693.164874469,530216.79792,0.42189,50.9,49.1117001,2.125,83.85,4.799544249
"s448","C","PIAB","PIAB",0,1,"Picea","Gymno","CPIAB",9,12,"mono",1,"CPIABPIAB",229991.849114411,621599.592201111,0.37,7,235.18,1.19,29.31,103.2
"s382","C","PIGL","PIGL",0,1,"Picea","Gymno","CPIGL",12,14,"mono",1,"CPIGLPIGL",129444.78404066,392256.921335333,0.33,2.4,302.86,1.28,35.58,50
"s379","C","PIOM","PIOM",0,1,"Picea","Gymno","CPIOM",8,11,"mono",1,"CPIOMPIOM",12565.7588002972,34904.885556381,0.36,2.9,285.7299176,1.182903124,29.39155,61.88640351
"X594","C","PIRE","PIRE",0,1,"Pinus","Gymno","CPIRE",7,10,"mono",1,"CPIREPIRE",194450.169294724,474268.705596889,0.41,9,294.12,1.17,24,36
"s411","C","PIRU","PIRU",0,1,"Picea","Gymno","CPIRU",12,16,"mono",1,"CPIRUPIRU",116666.478522002,315314.806816222,0.37,3.3,263,1.2,32,55
"s428","C","PIST","PIST",0,1,"Pinus","Gymno","CPIST",8,12,"mono",1,"CPISTPIST",224567.313774353,660492.099336333,0.34,17,121.9153937,1.423333333,43.79823667,20
"s371","C","PISY","PISY",0,1,"Pinus","Gymno","CPISY",9,13,"mono",1,"CPISYPISY",238068.265945897,564142.810298333,0.422,6,292.7551279,1.217940293,36.85035,27.90024909
"s383","C","QURO","QURO",0,1,"Quercus","Angio","CQURO",8,15,"mono",0,"CQUROQURO",251826.745849346,449690.617588118,0.56,3378,64.85453931,1.86,85.1,6.000673539
"X585","C","QURU","QURU",0,1,"Quercus","Angio","CQURU",12,15,"mono",0,"CQURUQURU",473922.044927458,846289.365941889,0.56,3143,88.02929621,2.030464833,148.5518182,6.000673539
"s439","C","THOC","THOC",0,1,"Thuya","Gymno","CTHOC",8,13,"mono",1,"CTHOCTHOC",166172.966469233,553909.888230778,0.3,1.5,223.0000016,1.02,32.22441,33
"s364","C","TICO","TICO",0,1,"Tilia","Angio","CTICO",10,15,"mono",0,"CTICOTICO",688068.357545803,1630918.85928987,0.42189,50.9,49.1117001,2.125,83.85,4.799544249
"X538","D","12N","ABBA",5,12,"Abies","Gymno","D12N",12,8,"notmono",0.5833333,"D12NABBA",23539.275078,71331.1366,0.33,7.6,143,1.45,50,84
"s331","D","12N","ACRU",5,12,"Acer","Angio","D12N",12,8,"notmono",0.5833333,"D12NACRU",1352489.56917237,2760182.79422933,0.49,23.7,71.09370696,1.913837571,111.1536882,5.566666667
"X514","D","12N","ACSA",5,12,"Acer","Angio","D12N",12,8,"notmono",0.5833333,"D12NACSA",170336.8632,304172.97,0.56,55.2,70.62731781,1.831675,84.5819209,5.5
"X513","D","12N","BEAL",5,12,"Betula","Angio","D12N",12,8,"notmono",0.5833333,"D12NBEAL",327404.84106,595281.5292,0.55,1,46.08294931,2.2,206,5.5
"X511","D","12N","BEPA",5,12,"Betula","Angio","D12N",12,8,"notmono",0.5833333,"D12NBEPA",1876800.0163584,3910000.03408,0.48,0.3,85.50806324,2.208401667,195,5.5
"X541","D","12N","LALA",5,12,"Larix","Gymno","D12N",12,8,"notmono",0.5833333,"D12NLALA",569702.514521,1162658.1929,0.49,2,120.0000005,1.355,59.41951,6
"X507","D","12N","PIGL",5,12,"Picea","Gymno","D12N",12,8,"notmono",0.5833333,"D12NPIGL",33833.4523780001,102525.613266667,0.33,2.4,302.86,1.28,35.58,50
"s338","D","12N","PIRE",5,12,"Pinus","Gymno","D12N",12,8,"notmono",0.5833333,"D12NPIRE",46665.9507812265,113819.392149333,0.41,9,294.12,1.17,24,36
"X544","D","12N","PIRU",5,12,"Picea","Gymno","D12N",12,8,"notmono",0.5833333,"D12NPIRU",13753.0926466667,37170.5206666667,0.37,3.3,263,1.2,32,55
"s335","D","12N","PIST",5,12,"Pinus","Gymno","D12N",12,8,"notmono",0.5833333,"D12NPIST",79827.9278453868,234788.023074667,0.34,17,121.9153937,1.423333333,43.79823667,20
"s332","D","12N","QURU",5,12,"Quercus","Angio","D12N",12,8,"notmono",0.5833333,"D12NQURU",660122.981418135,1178791.03824667,0.56,3143,88.02929621,2.030464833,148.5518182,6.000673539
"X512","D","12N","THOC",5,12,"Thuya","Gymno","D12N",12,8,"notmono",0.5833333,"D12NTHOC",34193.6168499999,113978.722833333,0.3,1.5,223.0000016,1.02,32.22441,33
"s327","D","2N1","PIRE",1,2,"Pinus","Gymno","D2N1",10,3,"notmono",1,"D2N1PIRE",255566.062890189,623331.860707778,0.41,9,294.12,1.17,24,36
"s323","D","2N1","PIRU",1,2,"Picea","Gymno","D2N1",10,3,"notmono",1,"D2N1PIRU",62432.7286728932,168737.104521333,0.37,3.3,263,1.2,32,55
"X506","D","2N2","PIST",2,2,"Pinus","Gymno","D2N2",11,6,"notmono",1,"D2N2PIST",70797.602281511,208228.242004444,0.34,17,121.9153937,1.423333333,43.79823667,20
"X482","D","2N3","BEAL",3,2,"Betula","Angio","D2N3",8,8,"notmono",0,"D2N3BEAL",252621.736354167,459312.247916667,0.55,1,46.08294931,2.2,206,5.5
"X481","D","2N3","QURU",3,2,"Quercus","Angio","D2N3",8,8,"notmono",0,"D2N3QURU",859976.926088,1535673.0823,0.56,3143,88.02929621,2.030464833,148.5518182,6.000673539
"s353","D","2N4","BEPA",4,2,"Betula","Angio","D2N4",10,9,"notmono",0,"D2N4BEPA",910037.414616427,1895911.28045089,0.48,0.3,85.50806324,2.208401667,195,5.5
"s328","D","2N4","QURU",4,2,"Quercus","Angio","D2N4",10,9,"notmono",0,"D2N4QURU",128009.167422826,228587.798969333,0.56,3143,88.02929621,2.030464833,148.5518182,6.000673539
"X558","D","2N5","PIGL",5,2,"Picea","Gymno","D2N5",7,5,"notmono",1,"D2N5PIGL",102414.838149727,310347.994393111,0.33,2.4,302.86,1.28,35.58,50
"X490","D","2N5","PIST",5,2,"Pinus","Gymno","D2N5",7,5,"notmono",1,"D2N5PIST",339353.779852645,998099.352507778,0.34,17,121.9153937,1.423333333,43.79823667,20
"s351","D","2N6","ABBA",6,2,"Abies","Gymno","D2N6",10,4,"notmono",0.5,"D2N6ABBA",37088.4961118466,112389.382157111,0.33,7.6,143,1.45,50,84
"X486","D","2N6","ACRU",6,2,"Acer","Angio","D2N6",10,4,"notmono",0.5,"D2N6ACRU",364063.056902533,742985.830413333,0.49,23.7,71.09370696,1.913837571,111.1536882,5.566666667
"X479","D","2N7","ACSA",7,2,"Acer","Angio","D2N7",12,6,"notmono",0.5,"D2N7ACSA",240746.26547163,429904.045485053,0.56,55.2,70.62731781,1.831675,84.5819209,5.5
"X472","D","2N7","LALA",7,2,"Larix","Gymno","D2N7",12,6,"notmono",0.5,"D2N7LALA",520122.010806521,1061473.49144188,0.49,2,120.0000005,1.355,59.41951,6
"X519","D","2N8","ACSA",8,2,"Acer","Angio","D2N8",11,3,"notmono",0.5,"D2N8ACSA",236369.455009334,422088.312516667,0.56,55.2,70.62731781,1.831675,84.5819209,5.5
"X533","D","2N8","THOC",8,2,"Thuya","Gymno","D2N8",11,3,"notmono",0.5,"D2N8THOC",125346.7208212,417822.402737333,0.3,1.5,223.0000016,1.02,32.22441,33
"X543","D","2NR2A","ACRU",2,2,"Acer","Angio","D2NR2A",9,2,"notmono",0,"D2NR2AACRU",284402.593534516,580413.456192889,0.49,23.7,71.09370696,1.913837571,111.1536882,5.566666667
"X475","D","2NR2A","BEAL",2,2,"Betula","Angio","D2NR2A",9,2,"notmono",0,"D2NR2ABEAL",428143.293326833,778442.351503333,0.55,1,46.08294931,2.2,206,5.5
"X470","D","2NR2B","PIRE",2,2,"Pinus","Gymno","D2NR2B",11,4,"notmono",1,"D2NR2BPIRE",212269.177829111,517729.702022222,0.41,9,294.12,1.17,24,36
"X516","D","2NR2B","PIST",2,2,"Pinus","Gymno","D2NR2B",11,4,"notmono",1,"D2NR2BPIST",234517.377013289,689756.991215556,0.34,17,121.9153937,1.423333333,43.79823667,20
"X539","D","2NR4","LALA",4,2,"Larix","Gymno","D2NR4",7,4,"notmono",1,"D2NR4LALA",933483.301409944,1905067.96206111,0.49,2,120.0000005,1.355,59.41951,6
"s321","D","2NR4","PIGL",4,2,"Picea","Gymno","D2NR4",7,4,"notmono",1,"D2NR4PIGL",30068.5956593,91116.9565433333,0.33,2.4,302.86,1.28,35.58,50
"X483","D","2NR5","BEPA",5,2,"Betula","Angio","D2NR5",8,1,"notmono",0.5,"D2NR5BEPA",1216851.20177664,2535106.670368,0.48,0.3,85.50806324,2.208401667,195,5.5
"X492","D","2NR5","PIST",5,2,"Pinus","Gymno","D2NR5",8,1,"notmono",0.5,"D2NR5PIST",39156.7415076177,115166.886787111,0.34,17,121.9153937,1.423333333,43.79823667,20
"X530","D","2NR7A","ABBA",7,2,"Abies","Gymno","D2NR7A",10,8,"notmono",0.5,"D2NR7AABBA",52897.3524749267,160295.007499778,0.33,7.6,143,1.45,50,84
"s313","D","2NR7A","ACSA",7,2,"Acer","Angio","D2NR7A",10,8,"notmono",0.5,"D2NR7AACSA",403157.540167947,719924.178871333,0.56,55.2,70.62731781,1.831675,84.5819209,5.5
"X548","D","2NR7B","ACRU",7,2,"Acer","Angio","D2NR7B",7,3,"notmono",0.5,"D2NR7BACRU",341312.786778444,696556.707711111,0.49,23.7,71.09370696,1.913837571,111.1536882,5.566666667
"X542","D","2NR7B","THOC",7,2,"Thuya","Gymno","D2NR7B",7,3,"notmono",0.5,"D2NR7BTHOC",51839.3709705999,172797.903235333,0.3,1.5,223.0000016,1.02,32.22441,33
"s316","D","4N1","ABBA",1,4,"Abies","Gymno","D4N1",11,8,"notmono",1,"D4N1ABBA",169790.038080667,514515.266911111,0.33,7.6,143,1.45,50,84
"X537","D","4N1","PIGL",1,4,"Picea","Gymno","D4N1",11,8,"notmono",1,"D4N1PIGL",114484.37282084,346922.341881333,0.33,2.4,302.86,1.28,35.58,50
"X529","D","4N1","PIRE",1,4,"Pinus","Gymno","D4N1",11,8,"notmono",1,"D4N1PIRE",207371.961804267,505785.272693333,0.41,9,294.12,1.17,24,36
"X555","D","4N1","PIRU",1,4,"Picea","Gymno","D4N1",11,8,"notmono",1,"D4N1PIRU",86753.8984627732,234469.995845333,0.37,3.3,263,1.2,32,55
"X532","D","4N2","ACRU",2,4,"Acer","Angio","D4N2",12,5,"notmono",0,"D4N2ACRU",112447.152682667,229483.985066667,0.49,23.7,71.09370696,1.913837571,111.1536882,5.566666667
"X478","D","4N2","BEAL",2,4,"Betula","Angio","D4N2",12,5,"notmono",0,"D4N2BEAL",64709.1769744442,117653.049044444,0.55,1,46.08294931,2.2,206,5.5
"X491","D","4N2","BEPA",2,4,"Betula","Angio","D4N2",12,5,"notmono",0,"D4N2BEPA",958821.87489024,1997545.572688,0.48,0.3,85.50806324,2.208401667,195,5.5
"X480","D","4N2","QURU",2,4,"Quercus","Angio","D4N2",12,5,"notmono",0,"D4N2QURU",574120.626361957,1025215.40421778,0.56,3143,88.02929621,2.030464833,148.5518182,6.000673539
"X466","D","4N3","BEAL",3,4,"Betula","Angio","D4N3",8,7,"notmono",0.75,"D4N3BEAL",887493.77948489,1613625.05360889,0.55,1,46.08294931,2.2,206,5.5
"s317","D","4N3","PIRE",3,4,"Pinus","Gymno","D4N3",8,7,"notmono",0.75,"D4N3PIRE",96930.62181324,236416.150764,0.41,9,294.12,1.17,24,36
"X547","D","4N3","PIRU",3,4,"Picea","Gymno","D4N3",8,7,"notmono",0.75,"D4N3PIRU",40387.1570926889,109154.478628889,0.37,3.3,263,1.2,32,55
"s320","D","4N3","PIST",3,4,"Pinus","Gymno","D4N3",8,7,"notmono",0.75,"D4N3PIST",94108.1155936891,276788.575275556,0.34,17,121.9153937,1.423333333,43.79823667,20
"X497","D","4N4","ABBA",4,4,"Abies","Gymno","D4N4",11,1,"notmono",0.75,"D4N4ABBA",41964.3316708001,127164.641426667,0.33,7.6,143,1.45,50,84
"X553","D","4N4","BEPA",4,4,"Betula","Angio","D4N4",11,1,"notmono",0.75,"D4N4BEPA",893543.367018667,1861548.68128889,0.48,0.3,85.50806324,2.208401667,195,5.5
"X531","D","4N4","LALA",4,4,"Larix","Gymno","D4N4",11,1,"notmono",0.75,"D4N4LALA",683437.378808332,1394770.16083333,0.49,2,120.0000005,1.355,59.41951,6
"s341","D","4N4","PIGL",4,4,"Picea","Gymno","D4N4",11,1,"notmono",0.75,"D4N4PIGL",40231.3973419601,121913.325278667,0.33,2.4,302.86,1.28,35.58,50
"s360","D","4N5","ABBA",5,4,"Abies","Gymno","D4N5",12,9,"notmono",0.75,"D4N5ABBA",120139.645912293,364059.533067556,0.33,7.6,143,1.45,50,84
"s314","D","4N5","ACSA",5,4,"Acer","Angio","D4N5",12,9,"notmono",0.75,"D4N5ACSA",211753.086934542,378130.512383111,0.56,55.2,70.62731781,1.831675,84.5819209,5.5
"X562","D","4N5","PIGL",5,4,"Picea","Gymno","D4N5",12,9,"notmono",0.75,"D4N5PIGL",152617.272280733,462476.582668889,0.33,2.4,302.86,1.28,35.58,50
"X477","D","4N5","PIRU",5,4,"Picea","Gymno","D4N5",12,9,"notmono",0.75,"D4N5PIRU",132417.940974378,357886.326957778,0.37,3.3,263,1.2,32,55
"X467","D","4N6","LALA",6,4,"Larix","Gymno","D4N6",9,9,"notmono",0.75,"D4N6LALA",700385.133552532,1429357.41541333,0.49,2,120.0000005,1.355,59.41951,6
"X464","D","4N6","PIST",6,4,"Pinus","Gymno","D4N6",9,9,"notmono",0.75,"D4N6PIST",44839.2465097332,131880.136793333,0.34,17,121.9153937,1.423333333,43.79823667,20
"s356","D","4N6","QURU",6,4,"Quercus","Angio","D4N6",9,9,"notmono",0.75,"D4N6QURU",1484464.30586844,2650829.11762222,0.56,3143,88.02929621,2.030464833,148.5518182,6.000673539
"X522","D","4N6","THOC",6,4,"Thuya","Gymno","D4N6",9,9,"notmono",0.75,"D4N6THOC",27714.8535886667,92382.8452955556,0.3,1.5,223.0000016,1.02,32.22441,33
"s354","D","4N7","ACRU",7,4,"Acer","Angio","D4N7",11,2,"notmono",0.5,"D4N7ACRU",335561.606133133,684819.604353333,0.49,23.7,71.09370696,1.913837571,111.1536882,5.566666667
"X468","D","4N7","PIST",7,4,"Pinus","Gymno","D4N7",11,2,"notmono",0.5,"D4N7PIST",70086.6298258668,206137.146546667,0.34,17,121.9153937,1.423333333,43.79823667,20
"X554","D","4N7","QURU",7,4,"Quercus","Angio","D4N7",11,2,"notmono",0.5,"D4N7QURU",876726.367990043,1565582.79998222,0.56,3143,88.02929621,2.030464833,148.5518182,6.000673539
"X528","D","4N7","THOC",7,4,"Thuya","Gymno","D4N7",11,2,"notmono",0.5,"D4N7THOC",32411.05677,108036.8559,0.3,1.5,223.0000016,1.02,32.22441,33
"s324","D","4N8","ACSA",8,4,"Acer","Angio","D4N8",12,3,"notmono",0.5,"D4N8ACSA",198846.043685334,355082.220866667,0.56,55.2,70.62731781,1.831675,84.5819209,5.5
"X563","D","4N8","BEAL",8,4,"Betula","Angio","D4N8",12,3,"notmono",0.5,"D4N8BEAL",488948.638884444,888997.525244444,0.55,1,46.08294931,2.2,206,5.5
"X546","D","4N8","PIGL",8,4,"Picea","Gymno","D4N8",12,3,"notmono",0.5,"D4N8PIGL",109187.72955772,330871.907750667,0.33,2.4,302.86,1.28,35.58,50
"X545","D","4N8","THOC",8,4,"Thuya","Gymno","D4N8",12,3,"notmono",0.5,"D4N8THOC",106441.9369864,354806.456621333,0.3,1.5,223.0000016,1.02,32.22441,33
"s336","D","4NR2","PIGL",2,4,"Picea","Gymno","D4NR2",9,5,"notmono",1,"D4NR2PIGL",111592.045227667,338157.712811111,0.33,2.4,302.86,1.28,35.58,50
"s352","D","4NR2","PIRE",2,4,"Pinus","Gymno","D4NR2",9,5,"notmono",1,"D4NR2PIRE",227633.794395431,555204.376574222,0.41,9,294.12,1.17,24,36
"X469","D","4NR2","PIRU",2,4,"Picea","Gymno","D4NR2",9,5,"notmono",1,"D4NR2PIRU",56291.7946192132,152139.985457333,0.37,3.3,263,1.2,32,55
"s344","D","4NR2","PIST",2,4,"Pinus","Gymno","D4NR2",9,5,"notmono",1,"D4NR2PIST",325867.224328578,958433.012731111,0.34,17,121.9153937,1.423333333,43.79823667,20
"s330","D","4NR7","ACSA",7,4,"Acer","Angio","D4NR7",9,3,"notmono",0.5,"D4NR7ACSA",143591.432398151,256413.272139556,0.56,55.2,70.62731781,1.831675,84.5819209,5.5
"X540","D","4NR7","BEPA",7,4,"Betula","Angio","D4NR7",9,3,"notmono",0.5,"D4NR7BEPA",1715402.39274432,3573754.984884,0.48,0.3,85.50806324,2.208401667,195,5.5
"s326","D","4NR7","PIGL",7,4,"Picea","Gymno","D4NR7",9,3,"notmono",0.5,"D4NR7PIGL",30475.9782763333,92351.4493222222,0.33,2.4,302.86,1.28,35.58,50
"X521","D","4NR7","PIST",7,4,"Pinus","Gymno","D4NR7",9,3,"notmono",0.5,"D4NR7PIST",54451.4544186132,160151.336525333,0.34,17,121.9153937,1.423333333,43.79823667,20
"X525","D","ABBA","ABBA",0,1,"Abies","Gymno","DABBA",7,1,"mono",1,"DABBAABBA",135662.987647513,411099.962568222,0.33,7.6,143,1.45,50,84
"X465","D","ACPL","ACPL",0,1,"Acer","Angio","DACPL",7,8,"mono",0,"DACPLACPL",540258.260636505,1045998.56851211,0.5165,130.3,46.44681839,1.62,83.07,6.000673539
"s319","D","ACRU","ACRU",0,1,"Acer","Angio","DACRU",8,2,"mono",0,"DACRUACRU",402115.236846416,820643.340502889,0.49,23.7,71.09370696,1.913837571,111.1536882,5.566666667
"X527","D","ACSA","ACSA",0,1,"Acer","Angio","DACSA",9,6,"mono",0,"DACSAACSA",337169.029596311,602087.552850556,0.56,55.2,70.62731781,1.831675,84.5819209,5.5
"s318","D","BEAL","BEAL",0,1,"Betula","Angio","DBEAL",10,5,"mono",0,"DBEALBEAL",339103.79002335,616552.345497,0.55,1,46.08294931,2.2,206,5.5
"X489","D","BEPA","BEPA",0,1,"Betula","Angio","DBEPA",8,4,"mono",0,"DBEPABEPA",491304.782240107,1023551.62966689,0.48,0.3,85.50806324,2.208401667,195,5.5
"X518","D","LADE","LADE",0,1,"Larix","Gymno","DLADE",12,1,"mono",1,"DLADELADE",529769.33061623,1118718.89054214,0.47355,7.1,86.28640264,1.955,71.616275,6.000336769
"X510","D","LALA","LALA",0,1,"Larix","Gymno","DLALA",9,8,"mono",1,"DLALALALA",552229.757098562,1126999.50428278,0.49,2,120.0000005,1.355,59.41951,6
"X520","D","M1","ACPL",1,4,"Acer","Angio","DM1",9,4,"notmono",0,"DM1ACPL",310191.10182755,600563.6047,0.5165,130.3,46.44681839,1.62,83.07,6.000673539
"X552","D","M1","ACRU",1,4,"Acer","Angio","DM1",9,4,"notmono",0,"DM1ACRU",364506.004666689,743889.805442222,0.49,23.7,71.09370696,1.913837571,111.1536882,5.566666667
"X561","D","M1","BEAL",1,4,"Betula","Angio","DM1",9,4,"notmono",0,"DM1BEAL",175027.750431875,318232.2735125,0.55,1,46.08294931,2.2,206,5.5
"s357","D","M1","TICO",1,4,"Tilia","Angio","DM1",9,4,"notmono",0,"DM1TICO",257975.567066025,611475.8990875,0.42189,50.9,49.1117001,2.125,83.85,4.799544249
"s346","D","M2","LALA",2,4,"Larix","Gymno","DM2",12,2,"notmono",1,"DM2LALA",1025225.78711236,2092297.52471911,0.49,2,120.0000005,1.355,59.41951,6
"X536","D","M2","PIAB",2,4,"Picea","Gymno","DM2",12,2,"notmono",1,"DM2PIAB",74755.19234208,202041.060384,0.37,7,235.18,1.19,29.31,103.2
"X505","D","M2","PIRU",2,4,"Picea","Gymno","DM2",12,2,"notmono",1,"DM2PIRU",30143.2159489333,81468.1512133333,0.37,3.3,263,1.2,32,55
"s390","D","M2","PISY",2,4,"Pinus","Gymno","DM2",12,2,"notmono",1,"DM2PISY",135956.891741718,322172.729245778,0.422,6,292.7551279,1.217940293,36.85035,27.90024909
"s337","D","M3","LADE",3,4,"Larix","Gymno","DM3",11,7,"notmono",0.75,"DM3LADE",232325.48337999,490603.9138,0.47355,7.1,86.28640264,1.955,71.616275,6.000336769
"s349","D","M3","PIRE",3,4,"Pinus","Gymno","DM3",11,7,"notmono",0.75,"DM3PIRE",18021.906761705,43955.8701505,0.41,9,294.12,1.17,24,36
"s342","D","M3","PISY",3,4,"Pinus","Gymno","DM3",11,7,"notmono",0.75,"DM3PISY",57196.0643710703,135535.697561778,0.422,6,292.7551279,1.217940293,36.85035,27.90024909
"s350","D","M3","QURU",3,4,"Quercus","Angio","DM3",11,7,"notmono",0.75,"DM3QURU",1275964.6558721,2278508.31405733,0.56,3143,88.02929621,2.030464833,148.5518182,6.000673539
"s333","D","M4","PIAB",4,4,"Picea","Gymno","DM4",10,6,"notmono",1,"DM4PIAB",150689.939172311,407270.105871111,0.37,7,235.18,1.19,29.31,103.2
"s339","D","M4","PIGL",4,4,"Picea","Gymno","DM4",10,6,"notmono",1,"DM4PIGL",87595.9164267733,265442.170990222,0.33,2.4,302.86,1.28,35.58,50
"X496","D","M4","PISY",4,4,"Pinus","Gymno","DM4",10,6,"notmono",1,"DM4PISY",453308.298410761,1074190.28059422,0.422,6,292.7551279,1.217940293,36.85035,27.90024909
"s348","D","M4","THOC",4,4,"Thuya","Gymno","DM4",10,6,"notmono",1,"DM4THOC",188138.7520084,627129.173361333,0.3,1.5,223.0000016,1.02,32.22441,33
"s340","D","M5","PIGL",5,4,"Picea","Gymno","DM5",11,5,"notmono",0.5,"DM5PIGL",34975.3030396001,105985.766786667,0.33,2.4,302.86,1.28,35.58,50
"s347","D","M5","PIST",5,4,"Pinus","Gymno","DM5",11,5,"notmono",0.5,"DM5PIST",169197.214647022,497638.866608889,0.34,17,121.9153937,1.423333333,43.79823667,20
"X515","D","M5","QURO",5,4,"Quercus","Angio","DM5",11,5,"notmono",0.5,"DM5QURO",648482.930872247,1158005.23370044,0.56,3378,64.85453931,1.86,85.1,6.000673539
"s343","D","M5","TICO",5,4,"Tilia","Angio","DM5",11,5,"notmono",0.5,"DM5TICO",173150.200687719,410415.512782286,0.42189,50.9,49.1117001,2.125,83.85,4.799544249
"X463","D","M6","BEPA",6,4,"Betula","Angio","DM6",7,9,"notmono",0.5,"DM6BEPA",2040889.46928021,4251853.06100044,0.48,0.3,85.50806324,2.208401667,195,5.5
"X487","D","M6","PIRU",6,4,"Picea","Gymno","DM6",7,9,"notmono",0.5,"DM6PIRU",20504.2418136667,55416.8697666667,0.37,3.3,263,1.2,32,55
"X500","D","M6","PISY",6,4,"Pinus","Gymno","DM6",7,9,"notmono",0.5,"DM6PISY",41653.3644461714,98704.6550857143,0.422,6,292.7551279,1.217940293,36.85035,27.90024909
"X498","D","M6","QURO",6,4,"Quercus","Angio","DM6",7,9,"notmono",0.5,"DM6QURO",516294.7455904,921954.90284,0.56,3378,64.85453931,1.86,85.1,6.000673539
"X549","D","M7","ACPL",7,4,"Acer","Angio","DM7",9,7,"notmono",0.25,"DM7ACPL",467339.333879211,904819.620288889,0.5165,130.3,46.44681839,1.62,83.07,6.000673539
"X494","D","M7","ACSA",7,4,"Acer","Angio","DM7",9,7,"notmono",0.25,"DM7ACSA",148965.457226134,266009.745046667,0.56,55.2,70.62731781,1.831675,84.5819209,5.5
"X551","D","M7","BEPA",7,4,"Betula","Angio","DM7",9,7,"notmono",0.25,"DM7BEPA",1138171.17163883,2371189.94091422,0.48,0.3,85.50806324,2.208401667,195,5.5
"X550","D","M7","PIOM",7,4,"Picea","Gymno","DM7",9,7,"notmono",0.25,"DM7PIOM",2290.2739335,6361.8720375,0.36,2.9,285.7299176,1.182903124,29.39155,61.88640351
"s322","D","M8","ACPL",8,4,"Acer","Angio","DM8",10,1,"notmono",0.5,"DM8ACPL",263925.317230552,510988.029488,0.5165,130.3,46.44681839,1.62,83.07,6.000673539
"s329","D","M8","BEPA",8,4,"Betula","Angio","DM8",10,1,"notmono",0.5,"DM8BEPA",1305970.88730901,2720772.68189378,0.48,0.3,85.50806324,2.208401667,195,5.5
"s345","D","M8","PIAB",8,4,"Picea","Gymno","DM8",10,1,"notmono",0.5,"DM8PIAB",46240.8685419157,124975.320383556,0.37,7,235.18,1.19,29.31,103.2
"s325","D","M8","THOC",8,4,"Thuya","Gymno","DM8",10,1,"notmono",0.5,"DM8THOC",31045.8728773332,103486.242924444,0.3,1.5,223.0000016,1.02,32.22441,33
"X560","D","MM6A","ABBA",6,12,"Abies","Gymno","DMM6A",7,2,"notmono",0.5,"DMM6AABBA",21100.890448,63942.0922666667,0.33,7.6,143,1.45,50,84
"X473","D","MM6A","ACPL",6,12,"Acer","Angio","DMM6A",7,2,"notmono",0.5,"DMM6AACPL",361366.879394446,699645.458653333,0.5165,130.3,46.44681839,1.62,83.07,6.000673539
"s359","D","MM6A","ACRU",6,12,"Acer","Angio","DMM6A",7,2,"notmono",0.5,"DMM6AACRU",768360.40246,1568082.454,0.49,23.7,71.09370696,1.913837571,111.1536882,5.566666667
"X504","D","MM6A","ACSA",6,12,"Acer","Angio","DMM6A",7,2,"notmono",0.5,"DMM6AACSA",167638.322656,299354.1476,0.56,55.2,70.62731781,1.831675,84.5819209,5.5
"X556","D","MM6A","BEAL",6,12,"Betula","Angio","DMM6A",7,2,"notmono",0.5,"DMM6ABEAL",1302928.61951267,2368961.12638667,0.55,1,46.08294931,2.2,206,5.5
"s358","D","MM6A","LALA",6,12,"Larix","Gymno","DMM6A",7,2,"notmono",0.5,"DMM6ALALA",764357.805263732,1559913.88829333,0.49,2,120.0000005,1.355,59.41951,6
"X476","D","MM6A","PIAB",6,12,"Picea","Gymno","DMM6A",7,2,"notmono",0.5,"DMM6APIAB",35140.8807136,94975.35328,0.37,7,235.18,1.19,29.31,103.2
"X484","D","MM6A","PIOM",6,12,"Picea","Gymno","DMM6A",7,2,"notmono",0.5,"DMM6APIOM",10309.84299,28638.45275,0.36,2.9,285.7299176,1.182903124,29.39155,61.88640351
"X557","D","MM6A","PIRU",6,12,"Picea","Gymno","DMM6A",7,2,"notmono",0.5,"DMM6APIRU",17938.4851386667,48482.3922666667,0.37,3.3,263,1.2,32,55
"X499","D","MM6A","QURO",6,12,"Quercus","Angio","DMM6A",7,2,"notmono",0.5,"DMM6AQURO",1709553.03777066,3052773.28173333,0.56,3378,64.85453931,1.86,85.1,6.000673539
"X474","D","MM6A","TICO",6,12,"Tilia","Angio","DMM6A",7,2,"notmono",0.5,"DMM6ATICO",1003309.87232157,2378131.43786667,0.42189,50.9,49.1117001,2.125,83.85,4.799544249
"X508","D","MM6B","ACPL",5,12,"Acer","Angio","DMM6B",8,3,"notmono",0.75,"DMM6BACPL",753452.115613335,1458764.98666667,0.5165,130.3,46.44681839,1.62,83.07,6.000673539
"s334","D","MM6B","BEPA",5,12,"Betula","Angio","DMM6B",8,3,"notmono",0.75,"DMM6BBEPA",2352597.6056,4901245.01166667,0.48,0.3,85.50806324,2.208401667,195,5.5
"X502","D","MM6B","LADE",5,12,"Larix","Gymno","DMM6B",8,3,"notmono",0.75,"DMM6BLADE",124716.96535375,263365.991666667,0.47355,7.1,86.28640264,1.955,71.616275,6.000336769
"X524","D","MM6B","PIAB",5,12,"Picea","Gymno","DMM6B",8,3,"notmono",0.75,"DMM6BPIAB",26685.08561,72121.853,0.37,7,235.18,1.19,29.31,103.2
"X503","D","MM6B","PIGL",5,12,"Picea","Gymno","DMM6B",8,3,"notmono",0.75,"DMM6BPIGL",37418.8811149999,113390.548833333,0.33,2.4,302.86,1.28,35.58,50
"X559","D","MM6B","PIOM",5,12,"Picea","Gymno","DMM6B",8,3,"notmono",0.75,"DMM6BPIOM",3099.3249792,8609.23605333333,0.36,2.9,285.7299176,1.182903124,29.39155,61.88640351
"s291","D","MM6B","PIRE",5,12,"Pinus","Gymno","DMM6B",8,3,"notmono",0.75,"DMM6BPIRE",43706.7421,106601.81,0.41,9,294.12,1.17,24,36
"X501","D","MM6B","PIST",5,12,"Pinus","Gymno","DMM6B",8,3,"notmono",0.75,"DMM6BPIST",71028.6972589868,208907.933114667,0.34,17,121.9153937,1.423333333,43.79823667,20
"s289","D","MM6B","PISY",5,12,"Pinus","Gymno","DMM6B",8,3,"notmono",0.75,"DMM6BPISY",62272.2995738665,147564.690933333,0.422,6,292.7551279,1.217940293,36.85035,27.90024909
"X509","D","MM6B","QURU",5,12,"Quercus","Angio","DMM6B",8,3,"notmono",0.75,"DMM6BQURU",952155.465893335,1700277.61766667,0.56,3143,88.02929621,2.030464833,148.5518182,6.000673539
"X517","D","MM6B","THOC",5,12,"Thuya","Gymno","DMM6B",8,3,"notmono",0.75,"DMM6BTHOC",43770.4405700001,145901.468566667,0.3,1.5,223.0000016,1.02,32.22441,33
"X495","D","MM6B","TICO",5,12,"Tilia","Angio","DMM6B",8,3,"notmono",0.75,"DMM6BTICO",612057.853375773,1450752.21829333,0.42189,50.9,49.1117001,2.125,83.85,4.799544249
"s315","D","PIAB","PIAB",0,1,"Picea","Gymno","DPIAB",8,9,"mono",1,"DPIABPIAB",163840.775595714,442812.907015444,0.37,7,235.18,1.19,29.31,103.2
"X493","D","PIGL","PIGL",0,1,"Picea","Gymno","DPIGL",7,7,"mono",1,"DPIGLPIGL",144330.353818347,437364.708540444,0.33,2.4,302.86,1.28,35.58,50
"s355","D","PIOM","PIOM",0,1,"Picea","Gymno","DPIOM",12,4,"mono",1,"DPIOMPIOM",20869.0747146,57969.651985,0.36,2.9,285.7299176,1.182903124,29.39155,61.88640351
"X485","D","PIRE","PIRE",0,1,"Pinus","Gymno","DPIRE",11,9,"mono",1,"DPIREPIRE",173234.865678209,422524.062629778,0.41,9,294.12,1.17,24,36
"X535","D","PIRU","PIRU",0,1,"Picea","Gymno","DPIRU",9,1,"mono",1,"DPIRUPIRU",104612.525118709,282736.554374889,0.37,3.3,263,1.2,32,55
"X471","D","PIST","PIST",0,1,"Pinus","Gymno","DPIST",12,7,"mono",1,"DPISTPIST",214112.769502533,629743.439713333,0.34,17,121.9153937,1.423333333,43.79823667,20
"X526","D","PISY","PISY",0,1,"Pinus","Gymno","DPISY",7,6,"mono",1,"DPISYPISY",277053.367401227,656524.567301486,0.422,6,292.7551279,1.217940293,36.85035,27.90024909
"X523","D","QURO","QURO",0,1,"Quercus","Angio","DQURO",10,2,"mono",0,"DQUROQURO",201701.074533696,360180.490238743,0.56,3378,64.85453931,1.86,85.1,6.000673539
"X534","D","QURU","QURU",0,1,"Quercus","Angio","DQURU",8,5,"mono",0,"DQURUQURU",392822.309773289,701468.410309445,0.56,3143,88.02929621,2.030464833,148.5518182,6.000673539
"s290","D","THOC","THOC",0,1,"Thuya","Gymno","DTHOC",8,6,"mono",1,"DTHOCTHOC",170108.838390233,567029.461300778,0.3,1.5,223.0000016,1.02,32.22441,33
"X488","D","TICO","TICO",0,1,"Tilia","Angio","DTICO",10,7,"mono",0,"DTICOTICO",466165.952013873,1104946.67333635,0.42189,50.9,49.1117001,2.125,83.85,4.799544249
