Group,Dose,Timepoint,Response
Treatment A,10,T3,71.81979006123296
Treatment A,10,T1,40.917810159293694
Control,0,T3,51.37551947216167
Treatment B,50,T2,55.22230816560575
Treatment C,100,T2,69.63986931728235
Treatment B,50,T1,65.81841566793713
Treatment C,100,T1,53.50554998283092
Treatment C,100,T1,37.46528399888712
Treatment C,100,T3,78.44022349040301
Control,0,T2,55.25098105633351
Treatment A,10,T3,85.76926821709613
Treatment B,50,T1,44.501166028873044
Treatment A,10,T3,64.61833097662111
Treatment A,10,T3,58.512354242840296
Treatment A,10,T2,52.93889124077047
Control,0,T1,83.12016948811707
Control,0,T3,77.4418902331847
Treatment B,50,T3,86.55275109802227
Treatment B,50,T3,80.98800010889218
Treatment B,50,T3,59.101649781701674
Treatment A,10,T1,41.752757019997816
Treatment A,10,T3,74.15196091457003
Treatment A,10,T1,56.181805685690584
Control,0,T2,60.85440466179896
Control,0,T1,55.705500825269176
Treatment C,100,T1,55.52443610463068
Control,0,T2,53.979367201350016
Treatment A,10,T3,63.371368993853935
Treatment B,50,T2,47.12258963433601
Control,0,T2,49.84359545968455
Treatment C,100,T1,68.77011738636457
Control,0,T1,61.253193973937506
Treatment B,50,T3,71.92968729611741
Treatment C,100,T1,64.96377052162981
Treatment B,50,T3,64.99632465526012
Treatment A,10,T1,60.01284241614406
Control,0,T3,52.21860633633513
Treatment B,50,T1,54.96771247727637
Control,0,T1,50.966358385739696
Control,0,T2,59.5978622398138
Control,0,T2,53.58044400717914
Control,0,T3,50.62506047918652
Control,0,T1,60.69946466440809
Treatment C,100,T3,46.602381437365494
Treatment A,10,T3,70.66608416978029
Treatment A,10,T3,58.35162820668631
Treatment B,50,T2,69.11737684751895
Treatment C,100,T2,45.542135490142854
Treatment B,50,T3,68.3820232727431
Treatment B,50,T2,61.52481744909479
Treatment A,10,T3,67.65955626574693
Control,0,T3,63.050322163849195
Treatment C,100,T1,46.64776422504277
Treatment B,50,T1,56.16995144056805
Treatment A,10,T1,44.78795661069782
Control,0,T2,69.89140399981653
Treatment B,50,T3,37.34667412738514
Treatment B,50,T1,55.04013638790311
Treatment A,10,T3,60.11690906704992
Control,0,T3,52.426034527199405
Treatment C,100,T1,48.108239984665325
Treatment B,50,T2,61.92691430208473
Control,0,T1,48.20459058495269
Control,0,T2,66.30615035563102
Treatment A,10,T2,70.56250407200147
Treatment A,10,T2,59.386747632938196
Control,0,T1,55.13905232277098
Treatment C,100,T3,58.71471582227049
Control,0,T2,53.169224036802404
Treatment C,100,T3,57.77093315055807
Treatment B,50,T2,61.38671192717584
Control,0,T1,41.329792667856
Treatment C,100,T2,67.02117266695583
Treatment C,100,T2,62.240328422122865
Treatment B,50,T3,80.63453768120735
Treatment B,50,T1,53.85605018666733
Control,0,T3,56.3598596406419
Treatment A,10,T3,55.941045695066194
Treatment A,10,T1,48.0319850954688
Treatment C,100,T3,64.31192582155107
Treatment A,10,T1,60.3861437765581
Control,0,T2,67.58585431036653
Treatment A,10,T2,68.9106351309727
Treatment C,100,T2,66.13900454664895
Treatment B,50,T2,55.85869347128869
Control,0,T3,78.68515164018547
Control,0,T1,39.17036933464486
Treatment C,100,T3,83.52605738947797
Treatment B,50,T1,58.56474404496797
Treatment B,50,T2,64.47237222169255
Treatment B,50,T2,58.55105535653187
Treatment C,100,T1,52.6423077157124
Control,0,T3,48.98134614891094
Treatment C,100,T2,60.82120708266966
Treatment C,100,T3,75.61236258694426
Control,0,T3,66.13353768147303
Treatment B,50,T2,68.42669983770791
Control,0,T2,55.6590998220245
Treatment B,50,T1,51.660851869021606
Treatment B,50,T3,68.41578601425375
Treatment C,100,T1,30.387796523644464
Treatment B,50,T1,60.09523316535362
Treatment C,100,T2,49.477251316596174
Treatment B,50,T2,48.91313678817243
Treatment B,50,T2,65.8348474217763
Treatment A,10,T2,50.71651581461876
Control,0,T3,63.75630763527044
Control,0,T1,57.51797813284061
Treatment B,50,T2,65.87445234848474
Control,0,T2,52.936765519951635
Treatment B,50,T2,59.31083726100431
Treatment A,10,T2,47.99591998993357
Treatment C,100,T2,59.649964823535385
Control,0,T1,49.65586863511042
Treatment C,100,T2,44.13269719628582
Control,0,T3,84.03419654348781
Treatment C,100,T3,51.73484695572976
Treatment C,100,T1,63.10259212176292
Treatment A,10,T1,60.943599501856724
Treatment C,100,T1,53.17579182708306
Treatment A,10,T2,54.185570362266105
Treatment A,10,T3,70.2783364520875
Treatment A,10,T2,56.28157438311733
Treatment A,10,T2,38.01161120497154
Treatment A,10,T2,60.07499243240754
Treatment A,10,T3,70.10759390870199
Control,0,T3,84.02588331053086
Treatment C,100,T3,79.09129655777113
Treatment B,50,T1,37.85063760150763
Treatment B,50,T2,44.579114661079444
Treatment C,100,T3,60.92265063561577
Treatment A,10,T1,36.422717127624104
Treatment B,50,T3,65.43415509474546
Control,0,T3,71.03915477532661
Treatment C,100,T2,40.58985446339619
Treatment C,100,T1,53.66683793798477
Control,0,T2,70.29584694613587
Treatment B,50,T2,35.57522502269572
Treatment A,10,T2,47.791896365404774
Treatment C,100,T3,70.78529913589925
Treatment B,50,T1,42.11813069875296
Treatment C,100,T3,82.66070553481339
Treatment A,10,T1,47.28165109388426
Treatment B,50,T2,44.80327208783007
Treatment A,10,T3,70.61385784873579
Control,0,T3,92.38604279367277
Treatment B,50,T1,63.35377812897374
Treatment C,100,T3,69.13790136339291
Treatment C,100,T2,58.70431080335169
Control,0,T3,69.13019141503615
Treatment C,100,T2,63.404649569503995
Control,0,T1,57.06374018740452
Treatment A,10,T3,47.7639722976018
Treatment B,50,T3,74.92925849558517
Control,0,T1,41.04679618936282
Treatment C,100,T1,41.6670677694769
Treatment B,50,T2,57.928052132016326
Control,0,T2,55.40486549278032
Treatment C,100,T2,59.997933213237275
Treatment A,10,T3,62.606924416115376
Treatment C,100,T3,47.22108928116559
Treatment A,10,T1,47.25912919294236
Control,0,T2,59.071817378012724
Treatment B,50,T3,62.015364335230096
Treatment C,100,T1,56.35043651731471
Treatment B,50,T1,40.137836813971965
Treatment C,100,T3,75.69126220310879
Treatment A,10,T1,63.14748822551695
Treatment C,100,T2,66.65863289181618
Control,0,T2,49.109820774171794
Treatment C,100,T1,59.64869931337586
Treatment A,10,T1,37.88391225476336
Treatment A,10,T1,51.15849605940161
Treatment B,50,T3,70.31370668267328
Treatment C,100,T3,76.45075746225717
Treatment C,100,T1,47.91466771621829
Treatment C,100,T1,49.62111727942752
Control,0,T2,56.24795366303562
Treatment A,10,T3,82.49214330431403
Control,0,T3,59.49486491006302
Control,0,T3,59.41332807120123
Control,0,T2,92.85054415245048
Treatment A,10,T1,72.22548462883857
Treatment C,100,T1,49.19567333882549
Treatment A,10,T2,60.84987051395758
Treatment B,50,T3,67.67913599260811
Treatment A,10,T2,36.618064151262914
Treatment C,100,T3,49.65470285587483
Treatment A,10,T2,32.35931684342184
Treatment C,100,T3,89.80945975026079
Control,0,T1,49.65514106590656
Treatment C,100,T1,56.96248393496673
Control,0,T1,65.01878308507084
Treatment B,50,T2,53.24542089242275
Control,0,T1,49.297560181157934
Treatment C,100,T2,77.99493181453545
Treatment A,10,T3,85.34212147304176
Control,0,T2,48.335778397892696
Treatment A,10,T2,54.16641012381197
Treatment A,10,T2,57.498609435574814
Treatment C,100,T2,62.30918437857885
Control,0,T2,54.674755051006066
Treatment B,50,T1,55.90468140179337
Control,0,T3,72.2012855353865
Treatment C,100,T1,70.31814809628118
Control,0,T3,87.58372968654916
Treatment C,100,T3,79.46343259444805
Treatment A,10,T2,65.19602175016405
Control,0,T3,70.44448897533806
Treatment C,100,T2,52.89865899273138
Treatment C,100,T1,60.853887050890854
Control,0,T3,61.64917618446152
Treatment B,50,T2,75.02424303448777
Control,0,T3,68.72193497243474
Treatment C,100,T1,59.33710115048262
Treatment B,50,T2,41.10257977010836
Treatment B,50,T2,65.99787268902358
Control,0,T3,79.02545413772276
Treatment C,100,T3,53.651490336457044
Treatment B,50,T1,51.904572568460935
Treatment C,100,T3,56.23026433821342
Treatment A,10,T2,63.96779189346478
Treatment B,50,T1,46.33953738505
Treatment C,100,T2,80.70670743571795
Treatment A,10,T3,76.76662759453974
Treatment C,100,T3,64.08356147405505
Control,0,T3,61.93537639438651
Control,0,T3,74.45735108067423
Treatment C,100,T2,59.78307995891379
Treatment C,100,T1,64.57879215214346
Treatment B,50,T2,55.129908551911164
Treatment B,50,T2,52.62909528295425
Treatment C,100,T2,62.48392487814522
Control,0,T1,41.33833200944436
Treatment B,50,T3,66.43363998687873
Treatment A,10,T1,57.66041369117599
Treatment A,10,T1,56.40985694614757
Control,0,T1,60.43696974565408
Treatment B,50,T2,60.87329634218463
Treatment A,10,T1,49.70146432936204
Treatment C,100,T2,42.983040121190626
Treatment C,100,T1,45.7778976141323
Control,0,T1,56.97880110578027
Treatment B,50,T3,75.21898600617794
Treatment A,10,T3,81.66813045064059
Treatment C,100,T1,50.54242395544043
Treatment C,100,T3,76.99555719075272
Control,0,T1,66.51355788075108
Control,0,T2,62.93483099067938
Treatment B,50,T1,48.89222285076716
Control,0,T1,41.12524314698266
Treatment B,50,T1,47.36014384508414
Treatment C,100,T2,62.78763700115379
Treatment C,100,T1,37.18400049046896
Treatment C,100,T3,82.92533739737081
Treatment A,10,T2,49.83493163616738
Treatment C,100,T2,46.206656202731544
Treatment B,50,T1,38.82993910767167
Treatment C,100,T3,55.57153861787149
Control,0,T1,47.344411323935155
Treatment C,100,T1,51.75276145939037
Control,0,T2,53.55710702726838
Treatment A,10,T2,55.774972834381806
Treatment B,50,T3,73.44727668191705
Treatment C,100,T3,66.91969637267013
Control,0,T3,77.61991713128515
Control,0,T2,55.22872220156741
Treatment A,10,T3,84.12070092043844
Treatment B,50,T2,54.1515574855755
Control,0,T2,63.447066055909104
Control,0,T3,69.57991774086139
Control,0,T1,36.59087994826527
Treatment A,10,T2,39.477226890904156
Control,0,T2,29.229611355167894
Treatment B,50,T3,62.36250282892357
Treatment A,10,T3,73.61275862462178
Treatment B,50,T2,64.58008368810998
Treatment B,50,T2,48.52860682016434
Control,0,T2,49.029941876075085
Treatment B,50,T1,56.962520390725814
Treatment C,100,T3,79.78129928408299
Treatment A,10,T3,49.104044506567035
Treatment C,100,T1,41.393751126455456
Treatment C,100,T3,56.77535034046737
Treatment B,50,T1,58.96057248351086
Control,0,T3,61.080947007969975
Treatment A,10,T2,68.52508508333567
Control,0,T3,56.783699312545615
Treatment B,50,T2,56.90203065417037
Treatment B,50,T2,53.101261035849085
Treatment C,100,T2,54.56211984192555
Treatment C,100,T2,43.05539424738692
Treatment A,10,T1,45.718838107526224
Control,0,T1,62.70140447327163
Treatment A,10,T3,64.50025549043538
Treatment A,10,T3,50.38243059799676
Treatment B,50,T2,58.0234938291359
Treatment C,100,T2,56.26302111052967
Treatment B,50,T1,43.783721382965936
Control,0,T2,48.85223987506319
Control,0,T3,62.29180493834389
Treatment A,10,T3,69.58870327207339
Treatment A,10,T3,69.28672777324353
Treatment B,50,T2,59.58626226562453
Treatment A,10,T2,81.86758592828093
Treatment B,50,T2,60.932022597463195
Control,0,T3,66.69184983511052
Treatment B,50,T3,83.55946491548886
Control,0,T3,59.19295620151018
Treatment B,50,T2,52.72261549824596
Treatment A,10,T1,66.68047343419228
Treatment C,100,T3,73.19331989302677
Treatment B,50,T3,57.85024778546799
Control,0,T3,63.421638400024946
Treatment C,100,T3,52.26608313039691
Treatment A,10,T2,55.040936936676935
Treatment A,10,T2,43.96774037544602
Treatment B,50,T1,33.315473307561426
Treatment B,50,T2,46.22716091488987
Treatment B,50,T2,64.18561779051801
Treatment B,50,T2,53.45463865466169
Control,0,T3,74.15975406957607
Treatment B,50,T2,44.407398903937775
Treatment A,10,T1,67.092743670479
Treatment B,50,T3,79.0635424246414
Treatment C,100,T3,82.9707986248658
Treatment B,50,T3,90.45123322433996
Treatment C,100,T3,67.88228457652036
Control,0,T2,64.2238898022554
Treatment B,50,T3,62.148902053499896
Control,0,T2,71.39106603127757
Treatment B,50,T3,74.52860826418625
Treatment B,50,T1,51.81293790111703
Control,0,T2,47.876990552709636
Treatment B,50,T1,52.20388282912712
Treatment B,50,T2,58.4300982397255
Treatment C,100,T3,60.96078177063932
Treatment B,50,T3,64.75680355973188
Treatment B,50,T3,70.44581418305329
Treatment A,10,T3,64.66864526164136
Treatment B,50,T3,66.62847193435437
Treatment B,50,T2,75.98648576899582
Treatment A,10,T1,52.81638183657688
Treatment B,50,T1,60.080263423797234
Control,0,T1,50.69670328166702
Treatment C,100,T1,49.05791913679732
Treatment B,50,T2,44.05662115885342
Control,0,T1,39.21094601948299
Control,0,T1,49.68643857168287
Treatment C,100,T2,49.33299084129007
Treatment C,100,T1,47.12948990512586
Treatment A,10,T3,70.58180892042736
Treatment A,10,T2,69.00607278605979
Treatment B,50,T1,68.25931614279853
Treatment C,100,T1,31.49948198118967
Control,0,T3,61.924794922439276
Treatment C,100,T3,69.36049623117913
Treatment C,100,T1,39.75182444043408
Control,0,T2,50.82974174080107
Treatment A,10,T2,45.598827354397386
Control,0,T1,66.18344933307424
Control,0,T1,48.05194946815371
Treatment C,100,T3,76.08614827349194
Treatment C,100,T2,50.53708749068342
Treatment A,10,T1,45.257908687020475
Treatment B,50,T3,94.04999807434069
Treatment C,100,T1,40.02660997476799
Treatment A,10,T3,74.16694224244468
Treatment A,10,T1,53.84186207909189
Control,0,T3,60.7968160431588
Treatment C,100,T1,45.94732874035209
Treatment C,100,T3,59.44459829432716
Control,0,T2,53.00124958148873
Control,0,T3,73.29406491231894
Treatment B,50,T3,80.29899436045883
Treatment B,50,T1,41.476755286268386
Control,0,T3,76.50028449580265
Treatment A,10,T1,43.834588652313585
Treatment C,100,T1,39.94734558044819
Treatment A,10,T1,43.34581696306443
Treatment A,10,T2,68.48398604642844
Control,0,T2,56.862919904059396
Treatment B,50,T3,56.19994772194714
Treatment B,50,T1,42.32037223338493
Treatment A,10,T2,39.50349075403524
Treatment B,50,T2,65.66341294698452
Treatment A,10,T1,46.636774075128024
Treatment A,10,T1,29.048122007170946
Treatment A,10,T2,54.11308162034073
Treatment C,100,T2,80.92813579906547
Treatment A,10,T3,70.27123272618581
Control,0,T3,74.35819801885305
Treatment A,10,T3,72.80613239999602
Treatment A,10,T3,67.87615389460423
Treatment A,10,T2,45.928625875482766
Control,0,T3,77.55825662931099
Treatment C,100,T2,57.04707915304507
Control,0,T2,55.108702946877365
Treatment A,10,T2,61.085040540818476
Control,0,T2,57.962012484850376
Treatment A,10,T3,60.39130257729866
Treatment A,10,T3,70.7241768129977
Treatment B,50,T1,61.755002316769364
Treatment A,10,T1,61.318373392857275
Treatment C,100,T2,61.54697604106337
Treatment C,100,T3,68.8543740513794
Treatment C,100,T1,43.44338704466444
Treatment B,50,T3,62.55815366459881
Treatment B,50,T2,43.55135802757593
Treatment A,10,T3,68.7490759969179
Treatment A,10,T2,70.68469458790078
Treatment C,100,T3,55.48767239770257
Treatment B,50,T1,47.400654914492385
Treatment C,100,T3,64.662385675396
Treatment C,100,T1,47.94513224676344
Treatment B,50,T2,59.9272664421688
Treatment C,100,T2,61.77837246704425
Treatment C,100,T3,60.43638057756858
Treatment B,50,T3,59.384574069039175
Treatment C,100,T1,49.13030619714681
Treatment C,100,T1,65.22884981167786
Treatment C,100,T3,61.21014727246883
Treatment C,100,T3,77.1334510131796
Control,0,T2,53.066213085999856
Treatment B,50,T1,54.853827557447225
Treatment A,10,T1,47.7584324865485
Treatment B,50,T3,87.0705182528448
Treatment B,50,T1,39.96632323732787
Control,0,T2,54.32002521573577
Control,0,T3,65.59769296756599
Treatment B,50,T3,74.96468153621836
Treatment B,50,T2,80.19642836792278
Treatment B,50,T1,56.434798528140206
Treatment C,100,T1,52.05738823380062
Treatment A,10,T3,69.79300592200752
Control,0,T2,61.49385153923823
Treatment A,10,T3,78.24167553129372
Control,0,T2,50.44130461890068
Treatment B,50,T1,57.06270421907862
Treatment A,10,T2,59.03728736200328
Control,0,T2,49.594716635888375
Treatment B,50,T1,46.854270387299856
Treatment A,10,T2,61.28282897662765
Control,0,T3,75.3261009817803
Treatment C,100,T2,59.53440462442868
Treatment A,10,T1,50.51126670764878
Treatment B,50,T1,48.427574181549964
Control,0,T3,88.4792723652813
Control,0,T2,62.83058115161839
Control,0,T2,41.76243282581028
Treatment A,10,T3,57.00025825452748
Control,0,T2,55.13897775576468
Treatment B,50,T2,43.95320353642181
Control,0,T1,56.131001824675046
Treatment B,50,T2,71.95547769416254
Treatment C,100,T2,58.864425979041684
Treatment B,50,T3,63.64466973746121
Control,0,T2,59.66036227427346
Treatment C,100,T2,55.64810441801591
Treatment A,10,T2,75.91746829535924
Control,0,T1,52.462253243904534
Treatment B,50,T1,39.26329721469302
Treatment B,50,T1,58.17966909117584
Treatment C,100,T3,50.52519462208862
Treatment C,100,T1,73.22990669273446
Treatment C,100,T2,67.05041563999589
Treatment C,100,T2,57.34326068300718
Treatment B,50,T2,65.61002530994432
Treatment B,50,T1,54.09620857356915
Treatment B,50,T1,46.775136999945154
Treatment B,50,T3,61.485701664849145
Treatment C,100,T2,68.0728105870932
Treatment C,100,T3,62.024737380306966
Control,0,T2,62.99485607723998
Treatment A,10,T3,63.770539407754896
Treatment A,10,T1,54.18528088322946
Treatment A,10,T2,48.7570166095674
Control,0,T3,63.78111463803861
Control,0,T1,68.59111215629059
Control,0,T1,41.00884376518727
Treatment C,100,T1,59.67910084064012
Treatment C,100,T3,74.05072299227012
Treatment B,50,T2,73.73856454168707
Control,0,T3,47.77118608432058
Treatment C,100,T1,50.926750144409496
Treatment B,50,T2,54.05674745625268
Treatment C,100,T3,77.15480166572759
Treatment C,100,T2,61.13926311633706
Treatment B,50,T1,41.69697651176544
Treatment C,100,T2,45.033865031895076
Treatment A,10,T2,49.853294103483464
Treatment A,10,T1,56.11211280388593
Control,0,T2,58.77618755104538
Treatment B,50,T3,75.16168399239118
Treatment A,10,T1,63.610573899446806
Treatment B,50,T2,55.70020664796879
Treatment C,100,T1,62.42968753455468
Treatment C,100,T2,72.04912150721091
Treatment B,50,T1,55.96604504968122
Control,0,T2,38.66369053245073
Treatment A,10,T2,68.2049959170333
Treatment A,10,T1,54.40417487494863
Treatment B,50,T2,52.97718961833121
Treatment C,100,T2,48.848188723658474
Treatment B,50,T3,76.6494698112895
Treatment C,100,T2,61.94255092420161
Control,0,T3,63.91836033211217
Treatment B,50,T1,61.619236474147215
Treatment B,50,T3,62.73281607296501
Treatment B,50,T2,60.018054974484045
Control,0,T2,48.31866748680626
Treatment B,50,T3,82.29210250612938
Control,0,T1,58.61824169754975
Treatment A,10,T1,48.16548415904575
Control,0,T1,38.72543987944833
Treatment B,50,T2,71.89472571588672
Control,0,T1,62.41445292478477
Control,0,T1,58.52066636914916
Treatment C,100,T1,48.79958407307152
Treatment B,50,T3,79.90324497262404
Control,0,T1,62.74185710624363
Control,0,T3,50.775639626518675
Treatment B,50,T3,81.87213732350321
Control,0,T3,72.40893042829835
Treatment B,50,T2,57.86666844755644
Control,0,T2,58.85923285642611
Treatment B,50,T2,71.84415181793996
Treatment A,10,T1,57.03951974550916
Control,0,T2,41.616282844449714
Treatment A,10,T3,81.40138867972526
Treatment B,50,T1,51.44696869859871
Treatment B,50,T1,52.51615061571495
Treatment C,100,T3,55.18865480813024
Treatment A,10,T2,58.639840010958245
Treatment C,100,T1,53.94790652864668
Treatment A,10,T2,66.4748064550748
Treatment C,100,T1,51.50678475730523
Control,0,T1,62.9771613883524
Treatment B,50,T3,69.09173633718468
Control,0,T1,37.71719822711411
Treatment A,10,T1,38.45791276504431
Treatment B,50,T2,62.78440440708296
Treatment B,50,T3,55.03049010713197
Treatment A,10,T1,56.987427912761945
Control,0,T2,64.55761416740434
Treatment B,50,T3,67.09967655169226
Treatment B,50,T3,84.74956685247373
Treatment A,10,T3,73.07685357536639
Treatment A,10,T2,64.09505870312921
Treatment A,10,T2,55.068113033564295
Treatment B,50,T3,73.24902866047618
Treatment A,10,T2,65.83523537430042
Treatment B,50,T1,52.87214503213274
Control,0,T3,71.22920550247328
Treatment A,10,T3,72.09101869978889
Treatment C,100,T2,50.631034170958735
Treatment C,100,T3,52.747332517977675
Control,0,T1,52.421562971350326
Treatment A,10,T2,42.5797856595071
Treatment B,50,T3,71.80485953130335
Treatment C,100,T3,76.88789057323991
Treatment C,100,T1,53.015242363965875
Treatment B,50,T3,65.7391948600255
Control,0,T1,60.44837766540885
Control,0,T1,48.11896326953038
Treatment B,50,T3,41.75085466123925
Treatment A,10,T1,53.60174351140336
Treatment C,100,T2,68.61560958202288
Treatment B,50,T2,46.370795251717155
Treatment B,50,T2,57.242769932306985
Treatment B,50,T3,60.2689029267937
Treatment A,10,T3,74.20771436681065
Treatment C,100,T1,63.65209894489642
Control,0,T1,53.58595528799357
Treatment C,100,T1,79.45248272087827
Treatment A,10,T1,39.98065983654864
Treatment A,10,T3,58.920509245875714
Treatment B,50,T1,38.09128657888975
Control,0,T2,50.184676784714014
Control,0,T3,79.1394289189233
Treatment C,100,T3,70.62574162654649
Treatment A,10,T2,54.00217770779395
Treatment C,100,T3,81.41898799701997
Treatment A,10,T3,73.8373294668262
Treatment C,100,T1,44.313699827952576
Treatment C,100,T1,47.69389416496765
Control,0,T1,56.891964408850114
Treatment C,100,T1,34.00021677798536
Treatment B,50,T2,70.37785491786549
Treatment C,100,T1,52.30168834770848
Treatment C,100,T2,59.563516786269965
Treatment C,100,T2,69.7246537869389
Treatment A,10,T3,95.14076927849193
Treatment B,50,T3,77.71027223432915
Treatment B,50,T1,57.072390381312296
Treatment B,50,T3,62.04830432095655
Control,0,T3,78.6119186661211
Treatment C,100,T2,56.9293736002315
Control,0,T2,51.479426152645274
Treatment A,10,T2,62.99267134272054
Control,0,T1,56.739463926468204
Treatment C,100,T2,54.44523442192544
Treatment A,10,T3,86.52407248898581
Treatment C,100,T1,75.78177183172204
Treatment B,50,T3,60.88396399409228
Control,0,T2,66.24061904023219
Treatment A,10,T3,68.00936067621467
Treatment B,50,T3,67.05010334359476
Control,0,T1,39.6203003487594
Treatment C,100,T3,71.22172351951441
Control,0,T1,46.88922090132395
Treatment C,100,T2,62.70834350861877
Treatment C,100,T2,41.73288004831504
Control,0,T3,67.97479686259832
Treatment B,50,T2,60.382207123508195
Treatment B,50,T2,53.30442826885185
Treatment C,100,T2,66.06517741547775
Treatment A,10,T3,84.31202623017771
Treatment B,50,T2,61.396761483381674
Treatment B,50,T3,59.86247341388582
Treatment B,50,T2,59.42869279584801
Control,0,T2,66.25203656900304
Control,0,T3,60.00183430707678
Treatment B,50,T3,66.85507143864814
Treatment A,10,T1,45.32045567819504
Treatment C,100,T1,47.16996719212673
Treatment A,10,T3,65.97631723545497
Control,0,T1,43.86540900507593
Control,0,T1,32.79294573600653
Treatment A,10,T3,40.938060137135125
Control,0,T3,73.11899431123051
Treatment B,50,T1,40.152689947755036
Treatment B,50,T2,77.41602040196953
Control,0,T1,51.52416520940006
Treatment B,50,T1,58.55878673311636
Treatment C,100,T1,55.20384051629989
Treatment B,50,T2,45.527966123987454
Treatment B,50,T3,65.03940053151501
Treatment C,100,T2,48.31472439497037
Treatment C,100,T3,74.18428290254381
Treatment C,100,T3,79.31638643525157
Control,0,T1,51.917015366654944
Treatment B,50,T2,66.29301051195627
Treatment C,100,T3,89.96786893628956
Control,0,T1,48.711040404897076
Treatment B,50,T1,67.10293004735719
Treatment C,100,T2,76.08332264496515
Treatment C,100,T2,57.55412299233927
Treatment A,10,T1,60.9481642055012
Treatment A,10,T3,87.51285794532201
Treatment B,50,T2,71.16173174250976
Treatment B,50,T1,55.338835842227205
Control,0,T3,68.89518544945865
Treatment B,50,T2,53.69764125213115
Treatment B,50,T3,59.597749605881276
Treatment A,10,T3,81.9612060194026
Treatment B,50,T1,53.28599774774198
Treatment A,10,T1,64.66404983466316
Treatment A,10,T3,62.93221188083638
Treatment C,100,T2,59.2365155906365
Control,0,T2,48.73547279326893
Treatment B,50,T2,54.99898970121258
Treatment C,100,T1,50.19277638159479
Treatment B,50,T2,73.58310026875175
Treatment B,50,T1,56.5054602090009
Treatment A,10,T1,48.22781236359255
Treatment A,10,T1,45.10533405324541
Treatment C,100,T1,57.76018106859848
Treatment A,10,T1,56.85761948800707
Treatment C,100,T2,62.437381012559186
Treatment B,50,T1,50.41047127656989
Treatment C,100,T3,73.5062129564648
Treatment A,10,T3,51.17977345944465
Control,0,T1,55.22704812773071
Control,0,T3,68.45768900136603
Treatment A,10,T1,30.77253818307231
Treatment B,50,T1,60.595514747583145
Control,0,T3,54.87232612487898
Treatment B,50,T1,54.188551229018174
Control,0,T2,66.32209076754336
Treatment A,10,T1,63.43846643919058
Treatment A,10,T1,44.75939564552763
Control,0,T2,48.9525184618202
Treatment C,100,T3,77.13378461285379
Treatment A,10,T2,48.22975796921121
Treatment B,50,T1,57.893466901052655
Treatment C,100,T3,81.40644149364103
Treatment C,100,T1,69.23947712186056
Control,0,T1,29.505863331491938
Treatment C,100,T3,72.48491278404748
Treatment B,50,T3,80.2880314986919
Treatment A,10,T1,50.861874164886174
Treatment A,10,T3,72.5988027126443
Treatment A,10,T3,79.99871830435339
Control,0,T3,51.714670017688334
Treatment A,10,T2,68.29395855906549
Treatment B,50,T1,59.780334382295436
Treatment C,100,T3,61.54546610463901
Treatment B,50,T1,59.048769418532395
Control,0,T1,48.77329765596977
Treatment B,50,T3,71.203530655715
Treatment A,10,T1,38.893517801658206
Treatment A,10,T2,82.26889073013773
Control,0,T1,73.06925687010386
Control,0,T2,49.931375711883504
Treatment B,50,T3,52.15980434984765
Control,0,T3,60.374885614596096
Control,0,T1,48.68349961165603
Treatment A,10,T1,27.8966021167559
Treatment C,100,T2,47.527936503053574
Treatment B,50,T3,52.179111515650135
Control,0,T2,58.97870215627598
Control,0,T2,53.76934130580645
Treatment A,10,T1,44.50756746090903
Control,0,T3,73.38798252308466
Treatment C,100,T2,60.68514487053601
Treatment C,100,T2,39.03729955132671
Treatment A,10,T2,68.8158338377139
Treatment A,10,T2,51.90283073483894
Treatment A,10,T3,76.2930228691824
Control,0,T1,48.351183097686196
Treatment B,50,T3,75.6135139113548
Control,0,T2,56.186930578487
Control,0,T3,70.7473323059988
Treatment B,50,T2,47.03038507183145
Treatment A,10,T3,67.31741388556595
Treatment A,10,T1,57.19849159207747
Treatment C,100,T1,35.98516580714512
Treatment B,50,T1,35.95734718464115
Treatment B,50,T2,71.3089481881555
Treatment B,50,T3,67.19898900624825
Treatment C,100,T2,65.11093610267338
Treatment B,50,T3,56.590698082020616
Treatment C,100,T2,58.70847596140615
Control,0,T3,62.15846791231816
Control,0,T3,73.10724815977608
Treatment A,10,T1,61.58520090213195
Treatment A,10,T3,73.15062968703319
Treatment A,10,T1,28.918534156264776
Treatment A,10,T3,59.17799752748089
Treatment B,50,T1,68.5331025005826
Control,0,T2,57.92424204245738
Treatment C,100,T1,66.73785601577318
Treatment A,10,T2,43.381265870490424
Treatment B,50,T3,81.56804282909387
Control,0,T1,65.1649931169747
Treatment A,10,T1,34.47199291324793
Treatment B,50,T3,72.60127724375823
Treatment A,10,T1,50.01593163575782
Control,0,T2,63.63900605353838
Control,0,T3,52.13020393114986
Control,0,T3,83.16791948255053
Control,0,T3,62.38190293736018
Treatment A,10,T2,60.06830024205363
Treatment C,100,T3,51.55239068015361
Treatment C,100,T2,34.93023086462773
Control,0,T3,61.01451324713204
Treatment C,100,T2,49.88110673757767
Control,0,T1,64.96966163972004
Treatment B,50,T3,65.77575135699425
Treatment A,10,T1,46.02369472225508
Treatment A,10,T2,66.89900764429817
Control,0,T2,61.642409381391595
Treatment B,50,T2,77.80995538352376
Treatment A,10,T2,66.10637424524502
Control,0,T1,49.6493292600091
Treatment A,10,T2,46.22833498914746
Treatment C,100,T1,62.27501656513943
Treatment C,100,T3,58.37496000572274
Treatment A,10,T1,54.56502700031812
Control,0,T1,42.857337086369185
Treatment B,50,T1,39.81348837117959
Treatment A,10,T2,38.70158377707972
Control,0,T3,56.100812915689616
Control,0,T2,60.82292447979959
Treatment B,50,T2,61.90247135998885
Treatment B,50,T3,54.72266036994067
Treatment A,10,T3,48.588595625013085
Control,0,T1,58.97251355645285
Treatment A,10,T2,54.09282400729288
Treatment B,50,T1,38.082296687468556
Treatment A,10,T1,40.697775948121475
Treatment A,10,T1,75.05985076181751
Treatment C,100,T1,46.890188265668364
Treatment B,50,T1,43.610424285633755
Treatment C,100,T1,59.0444558752988
Control,0,T3,64.73351814325774
Treatment A,10,T2,70.4603782594217
Treatment A,10,T1,49.6593383984288
Treatment A,10,T3,67.60982668649521
Treatment C,100,T2,65.30788870705162
Treatment A,10,T3,62.54844616886132
Treatment B,50,T1,33.39133203198904
Treatment A,10,T1,60.301739675724306
Treatment B,50,T3,69.5143737410158
Treatment C,100,T1,42.575426940062286
Treatment C,100,T1,36.24515010577317
Control,0,T3,74.4379373872647
Control,0,T3,64.74468665269787
Control,0,T2,56.835655740123784
Treatment C,100,T3,70.97722512521521
Treatment C,100,T2,49.89764059286358
Treatment C,100,T2,41.524533864441864
Treatment B,50,T1,64.49400609775864
Treatment C,100,T2,38.20279480502828
Treatment A,10,T1,23.46498027130834
Control,0,T3,47.587944901336314
Control,0,T1,54.95755150109056
Control,0,T1,54.69157604773375
Treatment B,50,T1,49.89792799443118
Treatment B,50,T3,53.6747542027545
Treatment A,10,T2,51.17735650961083
Treatment C,100,T1,39.36210208024679
Control,0,T2,49.476168453720476
Treatment C,100,T1,41.911240721074165
Treatment A,10,T2,57.329054892325765
Treatment A,10,T1,54.60349147439886
Treatment A,10,T3,52.424738270671746
Treatment B,50,T1,67.85354610328743
Treatment C,100,T3,74.81991217849557
Treatment B,50,T2,58.98908591234395
Control,0,T2,53.46087666924482
Treatment B,50,T1,37.76419302973602
Control,0,T1,56.851178144077515
Treatment A,10,T3,74.73281504532555
Treatment B,50,T1,51.035034551903955
Control,0,T1,57.97216893771479
Treatment A,10,T3,71.05142986226603
Control,0,T3,71.39578395087703
Treatment A,10,T1,56.08400404967827
Treatment C,100,T3,67.77030585321727
Control,0,T2,49.23053953834153
Treatment C,100,T2,49.9839217236365
Treatment A,10,T1,44.24859892597104
Treatment C,100,T3,82.03177213654311
Treatment A,10,T3,68.69831141414488
Control,0,T1,40.24111170201554
Control,0,T3,58.32206817265943
Control,0,T2,48.63868041096993
Control,0,T3,85.58763308830879
Control,0,T1,52.158778715874305
Treatment C,100,T2,55.0461124639336
Treatment B,50,T3,60.44452623118638
Treatment C,100,T3,89.94921115899203
Treatment A,10,T1,60.2660476009255
Treatment A,10,T2,51.66092494773228
Treatment B,50,T2,53.15665475418739
Control,0,T2,62.95932965187
Treatment B,50,T2,29.48716476996225
Control,0,T1,37.78185756093265
Treatment C,100,T2,70.03997663791395
Treatment B,50,T3,63.302628826984126
Control,0,T2,50.44312054823454
Treatment B,50,T3,63.584180975644394
Treatment C,100,T1,45.564806653794356
Treatment C,100,T3,51.93590248961589
Treatment A,10,T1,62.046947433049795
Treatment A,10,T3,73.46786632721361
Treatment C,100,T3,59.28236248922051
Control,0,T2,58.751175331051165
Treatment B,50,T3,74.83696644301544
Control,0,T1,46.37281764914535
Control,0,T2,45.29576315726969
Treatment B,50,T3,60.16999156382424
Treatment C,100,T2,51.302470506611606
Treatment C,100,T1,45.58827362161134
Control,0,T1,90.05473526873413
Control,0,T1,33.34503446742603
Treatment B,50,T1,48.14560281156997
Treatment C,100,T1,40.607136319468495
Treatment A,10,T1,53.5341313785849
Treatment C,100,T1,58.06537322454643
Treatment A,10,T2,69.34212552970348
Treatment A,10,T2,43.118961993158
Treatment C,100,T2,50.53739319114283
Treatment A,10,T1,47.58594088000986
Treatment B,50,T2,45.891525213578284
Control,0,T1,58.93594240213397
Control,0,T3,73.07184537879532
Treatment C,100,T3,78.29699114390925
Treatment A,10,T2,60.359094681111316
Treatment C,100,T3,64.88533379222842
Control,0,T1,40.64418570948029
Control,0,T1,52.981668750093945
Control,0,T2,70.43527109589203
Control,0,T1,37.977035894689585
Treatment C,100,T2,84.20556138182135
Treatment A,10,T2,47.069095401806756
Treatment C,100,T1,63.85777696211089
Treatment A,10,T2,70.82077101622667
Treatment A,10,T3,65.15292164914341
Control,0,T3,85.8147945571299
Control,0,T3,79.02564805236894
Control,0,T3,90.72998976805938
Treatment C,100,T1,59.04452158338897
Control,0,T3,82.38724248651467
Treatment B,50,T2,65.78216674323164
Control,0,T3,77.54811473850569
Treatment A,10,T2,59.78113429625602
Treatment C,100,T1,36.91199910883293
Treatment A,10,T1,50.984066620725095
Control,0,T2,57.26433791361294
Treatment A,10,T2,66.38236992539427
Control,0,T2,53.24000162232556
Treatment C,100,T2,79.06164569632747
Treatment C,100,T2,69.8813240253368
Treatment A,10,T2,59.53883443517042
Treatment B,50,T1,57.529615101931896
Treatment B,50,T3,77.7855763166802
Control,0,T2,50.60536847430574
Treatment A,10,T2,85.87206991711587
Control,0,T1,58.821216391077996
Treatment B,50,T1,33.380183543771736
Treatment B,50,T1,47.79120543537184
Treatment A,10,T1,50.459629789544216
Treatment C,100,T3,75.59781663893087
Control,0,T3,69.07148119877724
Control,0,T1,44.83486078607929
Control,0,T2,51.223110489555694
Treatment A,10,T1,35.12982348442276
Treatment A,10,T1,28.7602426544543
Treatment B,50,T3,63.11723034106102
Control,0,T1,40.683545763866945
Control,0,T2,66.20360239795808
Treatment A,10,T2,42.344536378400825
Treatment C,100,T1,32.12567556670493
Treatment C,100,T1,36.87396527977634
Treatment A,10,T1,56.33920588749408
Treatment B,50,T1,53.02225205046266
Control,0,T2,66.65801418972296
Control,0,T3,83.42254528442166
Treatment A,10,T1,66.11691844413465
Treatment C,100,T1,64.36955707342736
Treatment B,50,T2,52.78705342363273
Treatment C,100,T1,51.795812419319034
Control,0,T2,63.59410414647677
Control,0,T2,58.8979954817447
Treatment A,10,T1,61.251358102722726
Treatment A,10,T2,57.441919555083835
Treatment C,100,T2,48.96313357787955
Treatment C,100,T3,64.7281225830819
Treatment A,10,T1,61.056298962571766
Treatment A,10,T3,74.16876082560887
Treatment A,10,T3,76.28801260476446
Treatment A,10,T1,42.33534467830724
Treatment C,100,T2,71.86110507963808
Control,0,T3,76.5176877197029
Control,0,T1,64.89727267311342
Treatment A,10,T2,63.47171859174313
Treatment A,10,T3,84.1178709694838
Treatment B,50,T1,51.090140610695855
Treatment A,10,T3,52.45386604558835
Treatment B,50,T3,56.283427544444876
Treatment B,50,T2,61.60253681155683
Treatment B,50,T3,76.321194232869
Treatment B,50,T3,89.83962807731166
Treatment B,50,T3,79.23766269844133
Treatment C,100,T3,62.987991420677176
Treatment B,50,T3,91.79426284804353
Treatment A,10,T3,57.85498162978379
Treatment A,10,T1,50.78170968878392
Control,0,T2,43.78511535403277
Treatment B,50,T3,64.36710401324264
Control,0,T1,55.17774789160887
Treatment B,50,T1,50.148147258266825
Treatment C,100,T1,49.92122379558917
Treatment C,100,T3,76.37064743483457
Control,0,T1,45.92062173971578
Treatment B,50,T3,62.11048883033439
Control,0,T1,45.93278603600485
Treatment C,100,T3,87.40279191496182
Treatment B,50,T1,42.301063914278636
Control,0,T2,75.03151546116578
Treatment C,100,T2,59.89809506309847
Treatment A,10,T2,64.88283355579411
Control,0,T3,56.05239614802919
Control,0,T3,76.01628559384145
Treatment A,10,T2,37.39569999938308
Treatment C,100,T1,50.02815065638274
Treatment C,100,T3,57.81721832929314
Control,0,T3,46.344825036945544
Treatment A,10,T2,67.0365746752236
Treatment B,50,T2,69.9821327064983
Treatment C,100,T1,54.15799679493954
Treatment B,50,T1,58.156957341838556
Treatment B,50,T3,50.80420417367169
Treatment A,10,T3,70.12775183925243
Treatment C,100,T3,80.74027124389075
Treatment C,100,T3,68.05731250531396
Treatment B,50,T1,49.952159645873564
Treatment A,10,T3,80.03341145516166
Treatment C,100,T2,57.61575522139048
Treatment A,10,T3,78.85303883204631
Treatment B,50,T3,80.5502677972423
Control,0,T2,64.33134131928468
Treatment C,100,T2,48.65343994877043
Control,0,T3,76.05280794163991
Treatment C,100,T2,58.27054706254927
Control,0,T1,50.867278318815714
Treatment A,10,T2,64.62336399049119
Control,0,T3,64.39655623121978
Control,0,T2,58.10283730301141
Treatment B,50,T1,43.456334418826486
Treatment B,50,T1,47.34309658060849
Treatment C,100,T2,58.57465144209675
Treatment B,50,T3,59.84251097733181
Treatment B,50,T1,69.06799217466974
Treatment A,10,T2,36.2332449258234
Treatment A,10,T2,85.3924908835971
Treatment C,100,T2,67.05054104838815
Treatment B,50,T3,72.83705940581478
Control,0,T2,50.21710435550185
Treatment C,100,T3,82.46255268953853
Treatment B,50,T1,58.65895125470111
Treatment B,50,T1,34.57628249907523
Treatment B,50,T3,85.31881582103992
Treatment A,10,T2,54.32232371657994
Treatment C,100,T3,72.13914110383992
Treatment B,50,T1,48.95198964693547
Treatment B,50,T2,50.5339982937029
Treatment C,100,T2,36.458594248043354
Control,0,T3,76.46032581709478
Treatment C,100,T1,58.58048908160585
Treatment A,10,T1,41.00336166220393
Control,0,T1,48.809034335643254
Treatment A,10,T3,74.14565179874708
Treatment A,10,T2,61.0535439570947
Control,0,T3,65.00089517243087
Treatment A,10,T2,50.85361973953047
Treatment A,10,T1,48.404366605241655
Treatment B,50,T2,63.17561710247306
Control,0,T1,39.43599070172589
Treatment C,100,T3,66.20002531451308
Treatment C,100,T3,68.13060877323697
Treatment C,100,T3,56.99675357261542
Treatment B,50,T3,72.28602472888193
Treatment C,100,T1,37.12934639255971
Treatment A,10,T1,52.530636785371826
Treatment A,10,T2,54.98094416405609
Treatment C,100,T2,57.388258186986604
Treatment A,10,T1,29.413788267703758
Treatment A,10,T3,78.03396124898417
Treatment B,50,T2,56.725625742756456
Treatment A,10,T2,57.80509210652483
Treatment A,10,T1,58.78007095688357
Treatment C,100,T1,45.4149371392219
Treatment C,100,T2,55.06939240091913
Treatment C,100,T1,53.697470570347065
Treatment C,100,T1,45.389354359632044
Treatment A,10,T3,68.2904031712207
Treatment A,10,T3,61.55629550230423
Treatment A,10,T3,65.14178098732164
Treatment C,100,T3,56.524795242400316
Treatment A,10,T3,61.576210234286705
Control,0,T2,58.780941247072754
Treatment A,10,T3,63.35415382721656
Treatment A,10,T3,87.84794690352881
Treatment A,10,T1,58.04608512559699
Treatment C,100,T3,59.66962845449564
Treatment B,50,T3,69.98355992099762
Treatment B,50,T2,65.62575359131137
Treatment B,50,T2,51.800282239150526
Treatment C,100,T2,44.84821553995984
Treatment A,10,T3,85.40523725151836
Treatment A,10,T1,45.74956373261721
Treatment C,100,T1,50.87633726437851
Treatment A,10,T3,81.02663794514038
Treatment B,50,T2,64.81063507628477
Treatment A,10,T3,64.94191653881272
Treatment B,50,T1,41.66006644862764
Treatment C,100,T1,48.89879761115949
Treatment A,10,T1,45.44759774526199
Treatment A,10,T2,50.36351289348163
Treatment C,100,T1,53.278018417943706
Treatment A,10,T2,42.90591614936373
Control,0,T1,40.03938262395863
Control,0,T1,47.450712740993545
Treatment C,100,T1,53.504372439423335
Treatment B,50,T2,62.073113982380015
Treatment A,10,T3,71.65569853973093
Treatment C,100,T2,51.95380090747456
Treatment B,50,T3,77.01113769635735
Control,0,T2,38.44943425237592
Treatment C,100,T3,50.22089713560808
Treatment C,100,T2,67.00404621993883
Treatment B,50,T3,61.4210466176873
Treatment A,10,T2,51.82295621069448
Control,0,T2,62.617246201589
Treatment A,10,T2,72.70540082240271
Control,0,T3,70.21232170982896
Control,0,T3,72.90840252541096
Treatment B,50,T2,47.63973993630486
Treatment C,100,T3,64.29497464552692
Treatment A,10,T1,34.10873264643125
Treatment C,100,T1,61.17563531083111
Control,0,T1,55.895153386010854
Treatment C,100,T2,49.75671437261421
Treatment B,50,T1,49.816498656989
Treatment C,100,T1,50.132113401590544
Treatment B,50,T1,58.66525326274366
Treatment C,100,T3,72.36217945537226
Control,0,T1,41.56006356133696
Treatment C,100,T2,52.02078388855155
Treatment C,100,T2,57.769825864317895
Treatment C,100,T3,62.08548934228386
Treatment C,100,T2,58.93241305992027
Treatment C,100,T3,61.82738604552343
Treatment B,50,T1,53.269214343323235
Treatment C,100,T1,36.50904369471617
Treatment B,50,T1,49.61589936867121
Treatment A,10,T3,67.7623378583701
Control,0,T1,51.54994742691997
Treatment B,50,T1,43.49140603088151
Treatment C,100,T1,71.47295718712702
Treatment A,10,T3,45.5178494172725
Treatment C,100,T3,57.4015988505741
Control,0,T1,37.71226264870968
Control,0,T3,64.52836296826835
Treatment B,50,T3,62.3410673928314
Control,0,T3,56.75930784893056
Treatment C,100,T1,65.72680771800108
Treatment A,10,T3,56.72668560618432
Treatment B,50,T2,71.29495188580646
Treatment A,10,T3,57.53028496677845
Treatment A,10,T2,47.42057008880203
Treatment A,10,T1,49.0189005618805
Treatment B,50,T3,80.77210994756712
Treatment B,50,T3,63.70735895355985
Treatment A,10,T2,53.10778067878357
Treatment A,10,T1,40.738720812412815
Treatment C,100,T2,66.68935547590667
Treatment C,100,T2,57.01497146457804
Treatment B,50,T2,83.75730807027625
Treatment C,100,T2,47.17309734846173
Treatment C,100,T3,69.79614153562792
Control,0,T1,49.216866013810304
Treatment A,10,T3,63.24421447918051
Treatment C,100,T3,69.19115713754925
Control,0,T2,54.33372313611817
Treatment A,10,T1,65.43330372888349
Treatment C,100,T3,49.87377737512725
Control,0,T2,79.88984267848127
Control,0,T2,42.24815800553941
Treatment C,100,T2,57.448100701736585
Treatment C,100,T3,65.84092269664865
Control,0,T3,60.23307428876426
Treatment A,10,T2,39.80021731047327
Treatment C,100,T1,49.39057977519098
Treatment B,50,T1,41.51414506361051
Control,0,T1,48.17980879816303
Treatment C,100,T1,55.324310905516825
Treatment C,100,T2,67.93748924710518
Treatment A,10,T2,58.41484157038876
Treatment C,100,T3,58.11272887226688
Control,0,T1,66.11254093671884
Treatment B,50,T2,60.028896271722815
Treatment B,50,T3,62.02951859839759
Control,0,T3,70.89247892343163
Treatment C,100,T1,32.093813475075734
Treatment A,10,T3,73.71492543320554
Control,0,T1,62.91208963922403
Control,0,T2,44.26502093836877
Control,0,T3,69.79438883060499
Treatment A,10,T3,53.17408628461123
Treatment B,50,T1,60.6959944928595
Control,0,T1,34.839346842301
Treatment C,100,T2,57.89232196123083
Treatment B,50,T1,40.76334094359081
Treatment A,10,T2,62.30227798662373
Treatment A,10,T2,33.438633070168144
Treatment B,50,T2,65.43414323145608
Treatment B,50,T1,47.5506222865503
Treatment C,100,T3,63.7828852542737
Treatment C,100,T3,73.82951402858913
Treatment B,50,T2,62.11167769400748
Treatment B,50,T2,60.72582169407577
Treatment A,10,T3,77.46935009879164
Control,0,T2,44.09228971505796
Control,0,T2,68.49976266236867
Treatment A,10,T1,46.37695492921493
Treatment B,50,T1,44.968236716450974
Control,0,T3,38.17013989044275
Control,0,T1,50.706065509970905
Treatment B,50,T2,72.93084527324817
Treatment A,10,T1,67.22359745172038
Treatment B,50,T2,55.709352028589365
Treatment A,10,T2,39.60374679261167
Treatment A,10,T1,45.03258578860656
Treatment B,50,T1,60.14558122635043
Treatment A,10,T2,48.244945769388806
Treatment A,10,T1,58.30225865619639
Treatment A,10,T2,65.25399892359113
Treatment C,100,T3,60.87198422206619
Control,0,T2,49.4609858514089
Treatment B,50,T2,52.489266820349656
Control,0,T2,44.09565518772126
Treatment A,10,T2,45.810675235421456
Treatment B,50,T3,68.9972908810414
Treatment A,10,T3,69.24507921367271
Treatment A,10,T1,57.875156928401445
